-- Rabbit product database v1
-- Target: PostgreSQL / Supabase
-- Purpose: store pet/NAC product labels, source evidence, normalized nutrients and comparisons.

CREATE TABLE IF NOT EXISTS species (
    id TEXT PRIMARY KEY,
    common_name_fr TEXT,
    common_name_en TEXT,
    scientific_name TEXT
);

CREATE TABLE IF NOT EXISTS animal_profiles (
    id TEXT PRIMARY KEY,
    species_id TEXT NOT NULL REFERENCES species(id),
    life_stage TEXT NOT NULL,
    physiological_status TEXT NOT NULL,
    label_fr TEXT,
    description TEXT
);

CREATE TABLE IF NOT EXISTS nutrients (
    id TEXT PRIMARY KEY,
    canonical_name TEXT NOT NULL,
    display_name_fr TEXT,
    category TEXT NOT NULL,
    synonyms JSONB DEFAULT '[]'::jsonb
);

CREATE TABLE IF NOT EXISTS nutrient_requirements (
    id TEXT PRIMARY KEY,
    species_id TEXT NOT NULL REFERENCES species(id),
    animal_profile_id TEXT NOT NULL REFERENCES animal_profiles(id),
    nutrient_id TEXT NOT NULL REFERENCES nutrients(id),
    requirement_type TEXT NOT NULL,
    min_value NUMERIC,
    target_value NUMERIC,
    max_value NUMERIC,
    unit TEXT NOT NULL,
    basis TEXT NOT NULL,
    source_id TEXT,
    source_metric TEXT,
    confidence_level TEXT NOT NULL,
    review_status TEXT NOT NULL,
    priority TEXT NOT NULL,
    version TEXT NOT NULL,
    notes TEXT
);

CREATE TABLE IF NOT EXISTS product_source_registry (
    id TEXT PRIMARY KEY,
    name TEXT NOT NULL,
    source_type TEXT NOT NULL,
    base_url TEXT,
    access_model TEXT NOT NULL,
    reliability_level TEXT NOT NULL,
    priority_order INTEGER NOT NULL,
    notes TEXT
);

CREATE TABLE IF NOT EXISTS products (
    id TEXT PRIMARY KEY,
    barcode TEXT UNIQUE,
    brand TEXT,
    name TEXT NOT NULL,
    product_type TEXT NOT NULL,
    target_species JSONB DEFAULT '[]'::jsonb,
    life_stage JSONB DEFAULT '[]'::jsonb,
    data_quality_score NUMERIC,
    primary_source_id TEXT,
    created_at TIMESTAMPTZ DEFAULT now(),
    updated_at TIMESTAMPTZ DEFAULT now()
);

CREATE TABLE IF NOT EXISTS product_source_records (
    id TEXT PRIMARY KEY,
    product_id TEXT NOT NULL REFERENCES products(id),
    registry_source_id TEXT NOT NULL REFERENCES product_source_registry(id),
    source_name TEXT NOT NULL,
    source_url TEXT,
    source_product_id TEXT,
    fetched_at TIMESTAMPTZ,
    raw_payload JSONB DEFAULT '{}'::jsonb,
    reliability_level TEXT NOT NULL,
    license_notes TEXT
);

ALTER TABLE products
    ADD CONSTRAINT products_primary_source_fk
    FOREIGN KEY (primary_source_id) REFERENCES product_source_records(id) DEFERRABLE INITIALLY DEFERRED;

CREATE TABLE IF NOT EXISTS product_ingredients (
    id TEXT PRIMARY KEY,
    product_id TEXT NOT NULL REFERENCES products(id),
    ingredients_text TEXT NOT NULL,
    source_record_id TEXT NOT NULL REFERENCES product_source_records(id),
    extraction_method TEXT NOT NULL,
    confidence_level TEXT NOT NULL,
    created_at TIMESTAMPTZ DEFAULT now()
);

CREATE TABLE IF NOT EXISTS product_images (
    id TEXT PRIMARY KEY,
    product_id TEXT NOT NULL REFERENCES products(id),
    image_type TEXT NOT NULL,
    image_url TEXT,
    local_path TEXT,
    source_record_id TEXT REFERENCES product_source_records(id),
    created_at TIMESTAMPTZ DEFAULT now()
);

CREATE TABLE IF NOT EXISTS product_nutrients (
    id TEXT PRIMARY KEY,
    product_id TEXT NOT NULL REFERENCES products(id),
    nutrient_id TEXT REFERENCES nutrients(id),
    source_metric TEXT NOT NULL,
    declared_text TEXT NOT NULL,
    value_min NUMERIC,
    value_max NUMERIC,
    value_exact NUMERIC,
    declared_unit TEXT NOT NULL,
    declared_basis TEXT NOT NULL,
    value_type TEXT NOT NULL CHECK (value_type IN ('exact','min','max','range','unmapped_exact','unknown')),
    normalized_value_min NUMERIC,
    normalized_value_max NUMERIC,
    normalized_value_exact NUMERIC,
    normalized_unit TEXT,
    normalized_basis TEXT,
    source_record_id TEXT NOT NULL REFERENCES product_source_records(id),
    extraction_method TEXT NOT NULL,
    confidence_level TEXT NOT NULL,
    canonicalization_status TEXT NOT NULL DEFAULT 'mapped',
    created_at TIMESTAMPTZ DEFAULT now()
);

CREATE TABLE IF NOT EXISTS product_fetch_jobs (
    id TEXT PRIMARY KEY,
    barcode TEXT,
    product_id TEXT REFERENCES products(id),
    requested_source_id TEXT REFERENCES product_source_registry(id),
    status TEXT NOT NULL CHECK (status IN ('queued','fetched','not_found','failed','needs_ocr','needs_review')),
    request_url TEXT,
    response_status INTEGER,
    error_message TEXT,
    created_at TIMESTAMPTZ DEFAULT now(),
    finished_at TIMESTAMPTZ
);

CREATE TABLE IF NOT EXISTS product_nutrient_candidates (
    id TEXT PRIMARY KEY,
    product_id TEXT REFERENCES products(id),
    source_record_id TEXT REFERENCES product_source_records(id),
    raw_text TEXT NOT NULL,
    proposed_nutrient_id TEXT REFERENCES nutrients(id),
    proposed_value_min NUMERIC,
    proposed_value_max NUMERIC,
    proposed_value_exact NUMERIC,
    proposed_unit TEXT,
    proposed_basis TEXT,
    ai_confidence NUMERIC,
    status TEXT NOT NULL CHECK (status IN ('pending_review','validated','rejected','conflicting')),
    created_at TIMESTAMPTZ DEFAULT now()
);

CREATE TABLE IF NOT EXISTS product_score_runs (
    id TEXT PRIMARY KEY,
    product_id TEXT NOT NULL REFERENCES products(id),
    species_id TEXT NOT NULL REFERENCES species(id),
    animal_profile_id TEXT NOT NULL REFERENCES animal_profiles(id),
    score_version TEXT NOT NULL,
    total_score NUMERIC,
    grade TEXT,
    details JSONB NOT NULL,
    calculated_at TIMESTAMPTZ DEFAULT now()
);

CREATE INDEX IF NOT EXISTS idx_products_barcode ON products(barcode);
CREATE INDEX IF NOT EXISTS idx_product_nutrients_product ON product_nutrients(product_id);
CREATE INDEX IF NOT EXISTS idx_product_nutrients_nutrient ON product_nutrients(nutrient_id);
CREATE INDEX IF NOT EXISTS idx_requirements_profile_type ON nutrient_requirements(animal_profile_id, requirement_type, basis);

CREATE OR REPLACE VIEW v_product_thresholds AS
SELECT *
FROM nutrient_requirements
WHERE species_id = 'rabbit'
  AND animal_profile_id = 'rabbit_adult_maintenance'
  AND requirement_type = 'product_threshold'
  AND basis = 'commercial_uniform_pellet';

CREATE OR REPLACE VIEW v_product_latest_nutrients AS
SELECT
    pn.*,
    p.brand,
    p.name,
    p.product_type
FROM product_nutrients pn
JOIN products p ON p.id = pn.product_id;

CREATE OR REPLACE VIEW v_rabbit_pellet_product_comparison AS
SELECT
    p.id AS product_id,
    p.brand,
    p.name,
    pn.nutrient_id,
    pn.declared_text,
    pn.value_type,
    COALESCE(pn.value_exact, pn.value_min) AS product_lower_value,
    COALESCE(pn.value_exact, pn.value_max) AS product_upper_value,
    pn.declared_unit,
    t.min_value AS threshold_min,
    t.max_value AS threshold_max,
    t.unit AS threshold_unit,
    t.basis AS threshold_basis,
    CASE
        WHEN pn.nutrient_id IS NULL THEN 'unmapped'
        WHEN pn.declared_unit <> t.unit THEN 'unit_mismatch'
        WHEN t.min_value IS NOT NULL AND COALESCE(pn.value_exact, pn.value_min) IS NULL THEN 'missing_lower_bound'
        WHEN t.max_value IS NOT NULL AND COALESCE(pn.value_exact, pn.value_max) IS NULL THEN 'cannot_confirm_upper_bound'
        WHEN t.min_value IS NOT NULL AND COALESCE(pn.value_exact, pn.value_min) < t.min_value THEN 'below_min'
        WHEN t.max_value IS NOT NULL AND COALESCE(pn.value_exact, pn.value_max) > t.max_value THEN 'above_max'
        ELSE 'ok'
    END AS comparison_status
FROM products p
JOIN product_nutrients pn ON pn.product_id = p.id
JOIN v_product_thresholds t ON t.nutrient_id = pn.nutrient_id
WHERE p.product_type = 'commercial_uniform_pellet';


-- Seed requirements core from rabbit_knowledge_pack.json

INSERT INTO species (id, common_name_fr, common_name_en, scientific_name) VALUES ('rabbit', 'Lapin', 'Rabbit', 'Oryctolagus cuniculus') ON CONFLICT (id) DO NOTHING;
INSERT INTO animal_profiles (id, species_id, life_stage, physiological_status, label_fr, description) VALUES ('rabbit_adult_maintenance', 'rabbit', 'adult', 'maintenance', 'Lapin adulte en entretien', 'Profil initial pour lapin adulte non gestant, non lactant, sans pathologie connue.') ON CONFLICT (id) DO NOTHING;
INSERT INTO nutrients (id, canonical_name, display_name_fr, category, synonyms) VALUES ('crude_protein', 'crude_protein', 'Proteines brutes', 'protein', '["protein", "total_protein", "proteine_brute"]'::jsonb) ON CONFLICT (id) DO NOTHING;
INSERT INTO nutrients (id, canonical_name, display_name_fr, category, synonyms) VALUES ('digestible_protein', 'digestible_protein', 'Proteines digestibles', 'protein', '[]'::jsonb) ON CONFLICT (id) DO NOTHING;
INSERT INTO nutrients (id, canonical_name, display_name_fr, category, synonyms) VALUES ('arginine', 'arginine', 'Arginine', 'amino_acid', '[]'::jsonb) ON CONFLICT (id) DO NOTHING;
INSERT INTO nutrients (id, canonical_name, display_name_fr, category, synonyms) VALUES ('glycine', 'glycine', 'Glycine', 'amino_acid', '[]'::jsonb) ON CONFLICT (id) DO NOTHING;
INSERT INTO nutrients (id, canonical_name, display_name_fr, category, synonyms) VALUES ('lysine', 'lysine', 'Lysine', 'amino_acid', '[]'::jsonb) ON CONFLICT (id) DO NOTHING;
INSERT INTO nutrients (id, canonical_name, display_name_fr, category, synonyms) VALUES ('methionine_cystine', 'methionine_cystine', 'Methionine + cystine', 'amino_acid', '["methionine+cystine", "met_cys"]'::jsonb) ON CONFLICT (id) DO NOTHING;
INSERT INTO nutrients (id, canonical_name, display_name_fr, category, synonyms) VALUES ('threonine', 'threonine', 'Threonine', 'amino_acid', '[]'::jsonb) ON CONFLICT (id) DO NOTHING;
INSERT INTO nutrients (id, canonical_name, display_name_fr, category, synonyms) VALUES ('starch', 'starch', 'Amidon', 'carbohydrate', '[]'::jsonb) ON CONFLICT (id) DO NOTHING;
INSERT INTO nutrients (id, canonical_name, display_name_fr, category, synonyms) VALUES ('adf', 'adf', 'ADF', 'fiber', '["acid_detergent_fiber", "fibre_detergent_acide"]'::jsonb) ON CONFLICT (id) DO NOTHING;
INSERT INTO nutrients (id, canonical_name, display_name_fr, category, synonyms) VALUES ('ndf', 'ndf', 'NDF', 'fiber', '["neutral_detergent_fiber", "fibre_detergent_neutre"]'::jsonb) ON CONFLICT (id) DO NOTHING;
INSERT INTO nutrients (id, canonical_name, display_name_fr, category, synonyms) VALUES ('adl', 'adl', 'ADL', 'fiber', '["acid_detergent_lignin", "lignine_detergent_acide"]'::jsonb) ON CONFLICT (id) DO NOTHING;
INSERT INTO nutrients (id, canonical_name, display_name_fr, category, synonyms) VALUES ('fibre_ratio_non_adf_to_adf', 'fibre_ratio_non_adf_to_adf', 'Ratio non-ADF/ADF', 'fiber_ratio', '[]'::jsonb) ON CONFLICT (id) DO NOTHING;
INSERT INTO nutrients (id, canonical_name, display_name_fr, category, synonyms) VALUES ('adf_minus_adl', 'adf_minus_adl', 'ADF moins ADL', 'fiber', '[]'::jsonb) ON CONFLICT (id) DO NOTHING;
INSERT INTO nutrients (id, canonical_name, display_name_fr, category, synonyms) VALUES ('crude_fibre', 'crude_fibre', 'Fibres brutes', 'fiber', '["crude_fiber", "fibre_brute"]'::jsonb) ON CONFLICT (id) DO NOTHING;
INSERT INTO nutrients (id, canonical_name, display_name_fr, category, synonyms) VALUES ('fat', 'fat', 'Matieres grasses', 'fat', '["ether_extract", "lipides"]'::jsonb) ON CONFLICT (id) DO NOTHING;
INSERT INTO nutrients (id, canonical_name, display_name_fr, category, synonyms) VALUES ('calcium', 'calcium', 'Calcium', 'mineral', '["ca"]'::jsonb) ON CONFLICT (id) DO NOTHING;
INSERT INTO nutrients (id, canonical_name, display_name_fr, category, synonyms) VALUES ('phosphorus', 'phosphorus', 'Phosphore', 'mineral', '["p"]'::jsonb) ON CONFLICT (id) DO NOTHING;
INSERT INTO nutrients (id, canonical_name, display_name_fr, category, synonyms) VALUES ('calcium_phosphorus_ratio', 'calcium_phosphorus_ratio', 'Ratio calcium/phosphore', 'mineral_ratio', '["ca_p_ratio"]'::jsonb) ON CONFLICT (id) DO NOTHING;
INSERT INTO nutrients (id, canonical_name, display_name_fr, category, synonyms) VALUES ('potassium', 'potassium', 'Potassium', 'mineral', '["k"]'::jsonb) ON CONFLICT (id) DO NOTHING;
INSERT INTO nutrients (id, canonical_name, display_name_fr, category, synonyms) VALUES ('sodium', 'sodium', 'Sodium', 'mineral', '["na"]'::jsonb) ON CONFLICT (id) DO NOTHING;
INSERT INTO nutrients (id, canonical_name, display_name_fr, category, synonyms) VALUES ('chloride', 'chloride', 'Chlorure', 'mineral', '["cl"]'::jsonb) ON CONFLICT (id) DO NOTHING;
INSERT INTO nutrients (id, canonical_name, display_name_fr, category, synonyms) VALUES ('magnesium', 'magnesium', 'Magnesium', 'mineral', '["mg"]'::jsonb) ON CONFLICT (id) DO NOTHING;
INSERT INTO nutrients (id, canonical_name, display_name_fr, category, synonyms) VALUES ('copper', 'copper', 'Cuivre', 'trace_element', '["cu"]'::jsonb) ON CONFLICT (id) DO NOTHING;
INSERT INTO nutrients (id, canonical_name, display_name_fr, category, synonyms) VALUES ('iodine', 'iodine', 'Iode', 'trace_element', '["i"]'::jsonb) ON CONFLICT (id) DO NOTHING;
INSERT INTO nutrients (id, canonical_name, display_name_fr, category, synonyms) VALUES ('iron', 'iron', 'Fer', 'trace_element', '["fe"]'::jsonb) ON CONFLICT (id) DO NOTHING;
INSERT INTO nutrients (id, canonical_name, display_name_fr, category, synonyms) VALUES ('cobalt', 'cobalt', 'Cobalt', 'trace_element', '["co"]'::jsonb) ON CONFLICT (id) DO NOTHING;
INSERT INTO nutrients (id, canonical_name, display_name_fr, category, synonyms) VALUES ('manganese', 'manganese', 'Manganese', 'trace_element', '["mn"]'::jsonb) ON CONFLICT (id) DO NOTHING;
INSERT INTO nutrients (id, canonical_name, display_name_fr, category, synonyms) VALUES ('selenium', 'selenium', 'Selenium', 'trace_element', '["se"]'::jsonb) ON CONFLICT (id) DO NOTHING;
INSERT INTO nutrients (id, canonical_name, display_name_fr, category, synonyms) VALUES ('zinc', 'zinc', 'Zinc', 'trace_element', '["zn"]'::jsonb) ON CONFLICT (id) DO NOTHING;
INSERT INTO nutrients (id, canonical_name, display_name_fr, category, synonyms) VALUES ('vitamin_a', 'vitamin_a', 'Vitamine A', 'vitamin', '[]'::jsonb) ON CONFLICT (id) DO NOTHING;
INSERT INTO nutrients (id, canonical_name, display_name_fr, category, synonyms) VALUES ('vitamin_d', 'vitamin_d', 'Vitamine D', 'vitamin', '[]'::jsonb) ON CONFLICT (id) DO NOTHING;
INSERT INTO nutrients (id, canonical_name, display_name_fr, category, synonyms) VALUES ('vitamin_e', 'vitamin_e', 'Vitamine E', 'vitamin', '[]'::jsonb) ON CONFLICT (id) DO NOTHING;
INSERT INTO nutrients (id, canonical_name, display_name_fr, category, synonyms) VALUES ('vitamin_k', 'vitamin_k', 'Vitamine K', 'vitamin', '[]'::jsonb) ON CONFLICT (id) DO NOTHING;
INSERT INTO nutrients (id, canonical_name, display_name_fr, category, synonyms) VALUES ('digestible_energy', 'digestible_energy', 'Energie digestible', 'energy', '["de"]'::jsonb) ON CONFLICT (id) DO NOTHING;
INSERT INTO nutrients (id, canonical_name, display_name_fr, category, synonyms) VALUES ('metabolizable_energy', 'metabolizable_energy', 'Energie metabolisable', 'energy', '["me"]'::jsonb) ON CONFLICT (id) DO NOTHING;
INSERT INTO nutrients (id, canonical_name, display_name_fr, category, synonyms) VALUES ('dry_matter_intake', 'dry_matter_intake', 'Ingestion de matiere seche', 'intake', '[]'::jsonb) ON CONFLICT (id) DO NOTHING;
INSERT INTO nutrients (id, canonical_name, display_name_fr, category, synonyms) VALUES ('hay_fraction', 'hay_fraction', 'Part de foin/fourrage', 'practical_ration', '[]'::jsonb) ON CONFLICT (id) DO NOTHING;
INSERT INTO nutrients (id, canonical_name, display_name_fr, category, synonyms) VALUES ('water_intake', 'water_intake', 'Consommation d''eau', 'water', '[]'::jsonb) ON CONFLICT (id) DO NOTHING;
INSERT INTO nutrients (id, canonical_name, display_name_fr, category, synonyms) VALUES ('digestible_carbohydrate_nfe', 'digestible_carbohydrate_nfe', 'Glucides digestibles NFE', 'carbohydrate', '["nitrogen_free_extract"]'::jsonb) ON CONFLICT (id) DO NOTHING;
INSERT INTO nutrients (id, canonical_name, display_name_fr, category, synonyms) VALUES ('total_digestible_nutrient', 'total_digestible_nutrient', 'Total digestible nutrients', 'energy', '["tdn"]'::jsonb) ON CONFLICT (id) DO NOTHING;
INSERT INTO nutrients (id, canonical_name, display_name_fr, category, synonyms) VALUES ('pellets', 'pellets', 'Granules', 'practical_ration', '[]'::jsonb) ON CONFLICT (id) DO NOTHING;
INSERT INTO nutrients (id, canonical_name, display_name_fr, category, synonyms) VALUES ('fresh_greens', 'fresh_greens', 'Verdure fraiche', 'practical_ration', '[]'::jsonb) ON CONFLICT (id) DO NOTHING;
INSERT INTO nutrients (id, canonical_name, display_name_fr, category, synonyms) VALUES ('fruit_treat', 'fruit_treat', 'Friandise fruit', 'practical_ration', '[]'::jsonb) ON CONFLICT (id) DO NOTHING;
INSERT INTO nutrients (id, canonical_name, display_name_fr, category, synonyms) VALUES ('dry_matter', 'dry_matter', 'Matiere seche', 'proximate', '[]'::jsonb) ON CONFLICT (id) DO NOTHING;
INSERT INTO nutrients (id, canonical_name, display_name_fr, category, synonyms) VALUES ('ash', 'ash', 'Cendres brutes', 'proximate', '[]'::jsonb) ON CONFLICT (id) DO NOTHING;
INSERT INTO nutrients (id, canonical_name, display_name_fr, category, synonyms) VALUES ('gross_energy', 'gross_energy', 'Energie brute', 'energy', '[]'::jsonb) ON CONFLICT (id) DO NOTHING;
INSERT INTO nutrients (id, canonical_name, display_name_fr, category, synonyms) VALUES ('ether_extract', 'ether_extract', 'Extrait ethere', 'fat', '[]'::jsonb) ON CONFLICT (id) DO NOTHING;
INSERT INTO nutrients (id, canonical_name, display_name_fr, category, synonyms) VALUES ('moisture', 'moisture', 'Humidite', 'proximate', '["humidity","moisture_content"]'::jsonb) ON CONFLICT (id) DO NOTHING;
INSERT INTO nutrient_requirements (id, species_id, animal_profile_id, nutrient_id, requirement_type, min_value, target_value, max_value, unit, basis, source_id, source_metric, confidence_level, review_status, priority, version, notes) VALUES ('REQ_RABBIT_ADULT_0001', 'rabbit', 'rabbit_adult_maintenance', 'crude_protein', 'nutrient_requirement', 120, NULL, 170, 'g/kg feed', 'feed_12pct_moisture_total_diet', 'SRC_FEDIAF_2024', 'crude_protein', 'high', 'extracted_from_source', 'primary', 'rabbit_requirements_2026_1_extraction_v1', '') ON CONFLICT (id) DO NOTHING;
INSERT INTO nutrient_requirements (id, species_id, animal_profile_id, nutrient_id, requirement_type, min_value, target_value, max_value, unit, basis, source_id, source_metric, confidence_level, review_status, priority, version, notes) VALUES ('REQ_RABBIT_ADULT_0002', 'rabbit', 'rabbit_adult_maintenance', 'crude_protein', 'nutrient_requirement', 12, NULL, 17, '%', 'feed_12pct_moisture_total_diet', 'SRC_FEDIAF_2024', 'crude_protein_percent', 'high', 'extracted_from_source', 'primary', 'rabbit_requirements_2026_1_extraction_v1', '') ON CONFLICT (id) DO NOTHING;
INSERT INTO nutrient_requirements (id, species_id, animal_profile_id, nutrient_id, requirement_type, min_value, target_value, max_value, unit, basis, source_id, source_metric, confidence_level, review_status, priority, version, notes) VALUES ('REQ_RABBIT_ADULT_0003', 'rabbit', 'rabbit_adult_maintenance', 'arginine', 'nutrient_requirement', 8, NULL, 9, 'g/kg feed', 'feed_12pct_moisture_total_diet', 'SRC_FEDIAF_2024', 'arginine', 'high', 'extracted_from_source', 'primary', 'rabbit_requirements_2026_1_extraction_v1', '') ON CONFLICT (id) DO NOTHING;
INSERT INTO nutrient_requirements (id, species_id, animal_profile_id, nutrient_id, requirement_type, min_value, target_value, max_value, unit, basis, source_id, source_metric, confidence_level, review_status, priority, version, notes) VALUES ('REQ_RABBIT_ADULT_0004', 'rabbit', 'rabbit_adult_maintenance', 'glycine', 'nutrient_requirement', NULL, 6.8, NULL, 'g/kg feed', 'feed_12pct_moisture_total_diet', 'SRC_FEDIAF_2024', 'glycine', 'high', 'extracted_from_source', 'primary', 'rabbit_requirements_2026_1_extraction_v1', '') ON CONFLICT (id) DO NOTHING;
INSERT INTO nutrient_requirements (id, species_id, animal_profile_id, nutrient_id, requirement_type, min_value, target_value, max_value, unit, basis, source_id, source_metric, confidence_level, review_status, priority, version, notes) VALUES ('REQ_RABBIT_ADULT_0005', 'rabbit', 'rabbit_adult_maintenance', 'lysine', 'nutrient_requirement', 5, NULL, 8, 'g/kg feed', 'feed_12pct_moisture_total_diet', 'SRC_FEDIAF_2024', 'lysine', 'high', 'extracted_from_source', 'primary', 'rabbit_requirements_2026_1_extraction_v1', '') ON CONFLICT (id) DO NOTHING;
INSERT INTO nutrient_requirements (id, species_id, animal_profile_id, nutrient_id, requirement_type, min_value, target_value, max_value, unit, basis, source_id, source_metric, confidence_level, review_status, priority, version, notes) VALUES ('REQ_RABBIT_ADULT_0006', 'rabbit', 'rabbit_adult_maintenance', 'methionine_cystine', 'nutrient_requirement', 5.4, NULL, 6.5, 'g/kg feed', 'feed_12pct_moisture_total_diet', 'SRC_FEDIAF_2024', 'methionine_cystine', 'high', 'extracted_from_source', 'primary', 'rabbit_requirements_2026_1_extraction_v1', '') ON CONFLICT (id) DO NOTHING;
INSERT INTO nutrient_requirements (id, species_id, animal_profile_id, nutrient_id, requirement_type, min_value, target_value, max_value, unit, basis, source_id, source_metric, confidence_level, review_status, priority, version, notes) VALUES ('REQ_RABBIT_ADULT_0007', 'rabbit', 'rabbit_adult_maintenance', 'threonine', 'nutrient_requirement', 5.8, NULL, 6.5, 'g/kg feed', 'feed_12pct_moisture_total_diet', 'SRC_FEDIAF_2024', 'threonine', 'high', 'extracted_from_source', 'primary', 'rabbit_requirements_2026_1_extraction_v1', '') ON CONFLICT (id) DO NOTHING;
INSERT INTO nutrient_requirements (id, species_id, animal_profile_id, nutrient_id, requirement_type, min_value, target_value, max_value, unit, basis, source_id, source_metric, confidence_level, review_status, priority, version, notes) VALUES ('REQ_RABBIT_ADULT_0008', 'rabbit', 'rabbit_adult_maintenance', 'starch', 'nutrient_requirement', NULL, NULL, 200, 'g/kg feed', 'feed_12pct_moisture_total_diet', 'SRC_FEDIAF_2024', 'starch', 'high', 'extracted_from_source', 'primary', 'rabbit_requirements_2026_1_extraction_v1', '') ON CONFLICT (id) DO NOTHING;
INSERT INTO nutrient_requirements (id, species_id, animal_profile_id, nutrient_id, requirement_type, min_value, target_value, max_value, unit, basis, source_id, source_metric, confidence_level, review_status, priority, version, notes) VALUES ('REQ_RABBIT_ADULT_0009', 'rabbit', 'rabbit_adult_maintenance', 'starch', 'nutrient_requirement', NULL, NULL, 20, '%', 'feed_12pct_moisture_total_diet', 'SRC_FEDIAF_2024', 'starch_percent', 'high', 'extracted_from_source', 'primary', 'rabbit_requirements_2026_1_extraction_v1', '') ON CONFLICT (id) DO NOTHING;
INSERT INTO nutrient_requirements (id, species_id, animal_profile_id, nutrient_id, requirement_type, min_value, target_value, max_value, unit, basis, source_id, source_metric, confidence_level, review_status, priority, version, notes) VALUES ('REQ_RABBIT_ADULT_0010', 'rabbit', 'rabbit_adult_maintenance', 'adf', 'nutrient_requirement', 170, NULL, NULL, 'g/kg feed', 'feed_12pct_moisture_total_diet', 'SRC_FEDIAF_2024', 'adf', 'high', 'extracted_from_source', 'primary', 'rabbit_requirements_2026_1_extraction_v1', '') ON CONFLICT (id) DO NOTHING;
INSERT INTO nutrient_requirements (id, species_id, animal_profile_id, nutrient_id, requirement_type, min_value, target_value, max_value, unit, basis, source_id, source_metric, confidence_level, review_status, priority, version, notes) VALUES ('REQ_RABBIT_ADULT_0011', 'rabbit', 'rabbit_adult_maintenance', 'adf', 'nutrient_requirement', 17, NULL, NULL, '%', 'feed_12pct_moisture_total_diet', 'SRC_FEDIAF_2024', 'adf_percent', 'high', 'extracted_from_source', 'primary', 'rabbit_requirements_2026_1_extraction_v1', '') ON CONFLICT (id) DO NOTHING;
INSERT INTO nutrient_requirements (id, species_id, animal_profile_id, nutrient_id, requirement_type, min_value, target_value, max_value, unit, basis, source_id, source_metric, confidence_level, review_status, priority, version, notes) VALUES ('REQ_RABBIT_ADULT_0012', 'rabbit', 'rabbit_adult_maintenance', 'ndf', 'nutrient_requirement', 300, NULL, 450, 'g/kg feed', 'feed_12pct_moisture_total_diet', 'SRC_FEDIAF_2024', 'ndf', 'high', 'extracted_from_source', 'primary', 'rabbit_requirements_2026_1_extraction_v1', '') ON CONFLICT (id) DO NOTHING;
INSERT INTO nutrient_requirements (id, species_id, animal_profile_id, nutrient_id, requirement_type, min_value, target_value, max_value, unit, basis, source_id, source_metric, confidence_level, review_status, priority, version, notes) VALUES ('REQ_RABBIT_ADULT_0013', 'rabbit', 'rabbit_adult_maintenance', 'ndf', 'nutrient_requirement', 30, NULL, 45, '%', 'feed_12pct_moisture_total_diet', 'SRC_FEDIAF_2024', 'ndf_percent', 'high', 'extracted_from_source', 'primary', 'rabbit_requirements_2026_1_extraction_v1', '') ON CONFLICT (id) DO NOTHING;
INSERT INTO nutrient_requirements (id, species_id, animal_profile_id, nutrient_id, requirement_type, min_value, target_value, max_value, unit, basis, source_id, source_metric, confidence_level, review_status, priority, version, notes) VALUES ('REQ_RABBIT_ADULT_0014', 'rabbit', 'rabbit_adult_maintenance', 'adl', 'nutrient_requirement', 55, NULL, NULL, 'g/kg feed', 'feed_12pct_moisture_total_diet', 'SRC_FEDIAF_2024', 'adl', 'high', 'extracted_from_source', 'primary', 'rabbit_requirements_2026_1_extraction_v1', '') ON CONFLICT (id) DO NOTHING;
INSERT INTO nutrient_requirements (id, species_id, animal_profile_id, nutrient_id, requirement_type, min_value, target_value, max_value, unit, basis, source_id, source_metric, confidence_level, review_status, priority, version, notes) VALUES ('REQ_RABBIT_ADULT_0015', 'rabbit', 'rabbit_adult_maintenance', 'adl', 'nutrient_requirement', 5.5, NULL, NULL, '%', 'feed_12pct_moisture_total_diet', 'SRC_FEDIAF_2024', 'adl_percent', 'high', 'extracted_from_source', 'primary', 'rabbit_requirements_2026_1_extraction_v1', '') ON CONFLICT (id) DO NOTHING;
INSERT INTO nutrient_requirements (id, species_id, animal_profile_id, nutrient_id, requirement_type, min_value, target_value, max_value, unit, basis, source_id, source_metric, confidence_level, review_status, priority, version, notes) VALUES ('REQ_RABBIT_ADULT_0016', 'rabbit', 'rabbit_adult_maintenance', 'fibre_ratio_non_adf_to_adf', 'nutrient_requirement', NULL, NULL, 1.3, 'ratio', 'feed_12pct_moisture_total_diet', 'SRC_FEDIAF_2024', 'fibre_ratio_non_adf_to_adf', 'high', 'extracted_from_source', 'primary', 'rabbit_requirements_2026_1_extraction_v1', '') ON CONFLICT (id) DO NOTHING;
INSERT INTO nutrient_requirements (id, species_id, animal_profile_id, nutrient_id, requirement_type, min_value, target_value, max_value, unit, basis, source_id, source_metric, confidence_level, review_status, priority, version, notes) VALUES ('REQ_RABBIT_ADULT_0017', 'rabbit', 'rabbit_adult_maintenance', 'adf_minus_adl', 'nutrient_requirement', 110, NULL, NULL, 'g/kg feed', 'feed_12pct_moisture_total_diet', 'SRC_FEDIAF_2024', 'adf_minus_adl', 'high', 'extracted_from_source', 'primary', 'rabbit_requirements_2026_1_extraction_v1', '') ON CONFLICT (id) DO NOTHING;
INSERT INTO nutrient_requirements (id, species_id, animal_profile_id, nutrient_id, requirement_type, min_value, target_value, max_value, unit, basis, source_id, source_metric, confidence_level, review_status, priority, version, notes) VALUES ('REQ_RABBIT_ADULT_0018', 'rabbit', 'rabbit_adult_maintenance', 'crude_fibre', 'nutrient_requirement', 140, NULL, 250, 'g/kg feed', 'feed_12pct_moisture_total_diet', 'SRC_FEDIAF_2024', 'crude_fibre', 'high', 'extracted_from_source', 'primary', 'rabbit_requirements_2026_1_extraction_v1', '') ON CONFLICT (id) DO NOTHING;
INSERT INTO nutrient_requirements (id, species_id, animal_profile_id, nutrient_id, requirement_type, min_value, target_value, max_value, unit, basis, source_id, source_metric, confidence_level, review_status, priority, version, notes) VALUES ('REQ_RABBIT_ADULT_0019', 'rabbit', 'rabbit_adult_maintenance', 'crude_fibre', 'nutrient_requirement', 14, NULL, 25, '%', 'feed_12pct_moisture_total_diet', 'SRC_FEDIAF_2024', 'crude_fibre_percent', 'high', 'extracted_from_source', 'primary', 'rabbit_requirements_2026_1_extraction_v1', '') ON CONFLICT (id) DO NOTHING;
INSERT INTO nutrient_requirements (id, species_id, animal_profile_id, nutrient_id, requirement_type, min_value, target_value, max_value, unit, basis, source_id, source_metric, confidence_level, review_status, priority, version, notes) VALUES ('REQ_RABBIT_ADULT_0020', 'rabbit', 'rabbit_adult_maintenance', 'fat', 'nutrient_requirement', 25, NULL, 50, 'g/kg feed', 'feed_12pct_moisture_total_diet', 'SRC_FEDIAF_2024', 'fat', 'high', 'extracted_from_source', 'primary', 'rabbit_requirements_2026_1_extraction_v1', '') ON CONFLICT (id) DO NOTHING;
INSERT INTO nutrient_requirements (id, species_id, animal_profile_id, nutrient_id, requirement_type, min_value, target_value, max_value, unit, basis, source_id, source_metric, confidence_level, review_status, priority, version, notes) VALUES ('REQ_RABBIT_ADULT_0021', 'rabbit', 'rabbit_adult_maintenance', 'fat', 'nutrient_requirement', 2.5, NULL, 5, '%', 'feed_12pct_moisture_total_diet', 'SRC_FEDIAF_2024', 'fat_percent', 'high', 'extracted_from_source', 'primary', 'rabbit_requirements_2026_1_extraction_v1', '') ON CONFLICT (id) DO NOTHING;
INSERT INTO nutrient_requirements (id, species_id, animal_profile_id, nutrient_id, requirement_type, min_value, target_value, max_value, unit, basis, source_id, source_metric, confidence_level, review_status, priority, version, notes) VALUES ('REQ_RABBIT_ADULT_0022', 'rabbit', 'rabbit_adult_maintenance', 'calcium', 'nutrient_requirement', NULL, 5, NULL, 'g/kg feed', 'feed_12pct_moisture_total_diet', 'SRC_FEDIAF_2024', 'calcium', 'high', 'extracted_from_source', 'primary', 'rabbit_requirements_2026_1_extraction_v1', '') ON CONFLICT (id) DO NOTHING;
INSERT INTO nutrient_requirements (id, species_id, animal_profile_id, nutrient_id, requirement_type, min_value, target_value, max_value, unit, basis, source_id, source_metric, confidence_level, review_status, priority, version, notes) VALUES ('REQ_RABBIT_ADULT_0023', 'rabbit', 'rabbit_adult_maintenance', 'calcium', 'nutrient_requirement', NULL, 0.5, NULL, '%', 'feed_12pct_moisture_total_diet', 'SRC_FEDIAF_2024', 'calcium_percent', 'high', 'extracted_from_source', 'primary', 'rabbit_requirements_2026_1_extraction_v1', '') ON CONFLICT (id) DO NOTHING;
INSERT INTO nutrient_requirements (id, species_id, animal_profile_id, nutrient_id, requirement_type, min_value, target_value, max_value, unit, basis, source_id, source_metric, confidence_level, review_status, priority, version, notes) VALUES ('REQ_RABBIT_ADULT_0024', 'rabbit', 'rabbit_adult_maintenance', 'phosphorus', 'nutrient_requirement', NULL, 4, NULL, 'g/kg feed', 'feed_12pct_moisture_total_diet', 'SRC_FEDIAF_2024', 'phosphorus', 'high', 'extracted_from_source', 'primary', 'rabbit_requirements_2026_1_extraction_v1', '') ON CONFLICT (id) DO NOTHING;
INSERT INTO nutrient_requirements (id, species_id, animal_profile_id, nutrient_id, requirement_type, min_value, target_value, max_value, unit, basis, source_id, source_metric, confidence_level, review_status, priority, version, notes) VALUES ('REQ_RABBIT_ADULT_0025', 'rabbit', 'rabbit_adult_maintenance', 'phosphorus', 'nutrient_requirement', NULL, 0.4, NULL, '%', 'feed_12pct_moisture_total_diet', 'SRC_FEDIAF_2024', 'phosphorus_percent', 'high', 'extracted_from_source', 'primary', 'rabbit_requirements_2026_1_extraction_v1', '') ON CONFLICT (id) DO NOTHING;
INSERT INTO nutrient_requirements (id, species_id, animal_profile_id, nutrient_id, requirement_type, min_value, target_value, max_value, unit, basis, source_id, source_metric, confidence_level, review_status, priority, version, notes) VALUES ('REQ_RABBIT_ADULT_0026', 'rabbit', 'rabbit_adult_maintenance', 'calcium_phosphorus_ratio', 'nutrient_requirement', 1.5, NULL, 2.0, 'ratio', 'feed_12pct_moisture_total_diet', 'SRC_FEDIAF_2024', 'calcium_phosphorus_ratio', 'high', 'extracted_from_source', 'primary', 'rabbit_requirements_2026_1_extraction_v1', '') ON CONFLICT (id) DO NOTHING;
INSERT INTO nutrient_requirements (id, species_id, animal_profile_id, nutrient_id, requirement_type, min_value, target_value, max_value, unit, basis, source_id, source_metric, confidence_level, review_status, priority, version, notes) VALUES ('REQ_RABBIT_ADULT_0027', 'rabbit', 'rabbit_adult_maintenance', 'potassium', 'nutrient_requirement', NULL, 6, NULL, 'g/kg feed', 'feed_12pct_moisture_total_diet', 'SRC_FEDIAF_2024', 'potassium', 'high', 'extracted_from_source', 'primary', 'rabbit_requirements_2026_1_extraction_v1', '') ON CONFLICT (id) DO NOTHING;
INSERT INTO nutrient_requirements (id, species_id, animal_profile_id, nutrient_id, requirement_type, min_value, target_value, max_value, unit, basis, source_id, source_metric, confidence_level, review_status, priority, version, notes) VALUES ('REQ_RABBIT_ADULT_0028', 'rabbit', 'rabbit_adult_maintenance', 'sodium', 'nutrient_requirement', NULL, 2, NULL, 'g/kg feed', 'feed_12pct_moisture_total_diet', 'SRC_FEDIAF_2024', 'sodium', 'high', 'extracted_from_source', 'primary', 'rabbit_requirements_2026_1_extraction_v1', '') ON CONFLICT (id) DO NOTHING;
INSERT INTO nutrient_requirements (id, species_id, animal_profile_id, nutrient_id, requirement_type, min_value, target_value, max_value, unit, basis, source_id, source_metric, confidence_level, review_status, priority, version, notes) VALUES ('REQ_RABBIT_ADULT_0029', 'rabbit', 'rabbit_adult_maintenance', 'chloride', 'nutrient_requirement', NULL, 1.7, NULL, 'g/kg feed', 'feed_12pct_moisture_total_diet', 'SRC_FEDIAF_2024', 'chloride', 'high', 'extracted_from_source', 'primary', 'rabbit_requirements_2026_1_extraction_v1', '') ON CONFLICT (id) DO NOTHING;
INSERT INTO nutrient_requirements (id, species_id, animal_profile_id, nutrient_id, requirement_type, min_value, target_value, max_value, unit, basis, source_id, source_metric, confidence_level, review_status, priority, version, notes) VALUES ('REQ_RABBIT_ADULT_0030', 'rabbit', 'rabbit_adult_maintenance', 'magnesium', 'nutrient_requirement', 0.3, NULL, 3, 'g/kg feed', 'feed_12pct_moisture_total_diet', 'SRC_FEDIAF_2024', 'magnesium', 'high', 'extracted_from_source', 'primary', 'rabbit_requirements_2026_1_extraction_v1', '') ON CONFLICT (id) DO NOTHING;
INSERT INTO nutrient_requirements (id, species_id, animal_profile_id, nutrient_id, requirement_type, min_value, target_value, max_value, unit, basis, source_id, source_metric, confidence_level, review_status, priority, version, notes) VALUES ('REQ_RABBIT_ADULT_0031', 'rabbit', 'rabbit_adult_maintenance', 'copper', 'nutrient_requirement', 5, NULL, 20, 'mg/kg feed', 'feed_12pct_moisture_total_diet', 'SRC_FEDIAF_2024', 'copper', 'high', 'extracted_from_source', 'primary', 'rabbit_requirements_2026_1_extraction_v1', '') ON CONFLICT (id) DO NOTHING;
INSERT INTO nutrient_requirements (id, species_id, animal_profile_id, nutrient_id, requirement_type, min_value, target_value, max_value, unit, basis, source_id, source_metric, confidence_level, review_status, priority, version, notes) VALUES ('REQ_RABBIT_ADULT_0032', 'rabbit', 'rabbit_adult_maintenance', 'iodine', 'nutrient_requirement', 0.4, NULL, 0.5, 'mg/kg feed', 'feed_12pct_moisture_total_diet', 'SRC_FEDIAF_2024', 'iodine', 'high', 'extracted_from_source', 'primary', 'rabbit_requirements_2026_1_extraction_v1', '') ON CONFLICT (id) DO NOTHING;
INSERT INTO nutrient_requirements (id, species_id, animal_profile_id, nutrient_id, requirement_type, min_value, target_value, max_value, unit, basis, source_id, source_metric, confidence_level, review_status, priority, version, notes) VALUES ('REQ_RABBIT_ADULT_0033', 'rabbit', 'rabbit_adult_maintenance', 'iron', 'nutrient_requirement', 30, NULL, 400, 'mg/kg feed', 'feed_12pct_moisture_total_diet', 'SRC_FEDIAF_2024', 'iron', 'high', 'extracted_from_source', 'primary', 'rabbit_requirements_2026_1_extraction_v1', '') ON CONFLICT (id) DO NOTHING;
INSERT INTO nutrient_requirements (id, species_id, animal_profile_id, nutrient_id, requirement_type, min_value, target_value, max_value, unit, basis, source_id, source_metric, confidence_level, review_status, priority, version, notes) VALUES ('REQ_RABBIT_ADULT_0034', 'rabbit', 'rabbit_adult_maintenance', 'cobalt', 'nutrient_requirement', NULL, 0.25, NULL, 'mg/kg feed', 'feed_12pct_moisture_total_diet', 'SRC_FEDIAF_2024', 'cobalt', 'high', 'extracted_from_source', 'primary', 'rabbit_requirements_2026_1_extraction_v1', '') ON CONFLICT (id) DO NOTHING;
INSERT INTO nutrient_requirements (id, species_id, animal_profile_id, nutrient_id, requirement_type, min_value, target_value, max_value, unit, basis, source_id, source_metric, confidence_level, review_status, priority, version, notes) VALUES ('REQ_RABBIT_ADULT_0035', 'rabbit', 'rabbit_adult_maintenance', 'manganese', 'nutrient_requirement', 8, NULL, 15, 'mg/kg feed', 'feed_12pct_moisture_total_diet', 'SRC_FEDIAF_2024', 'manganese', 'high', 'extracted_from_source', 'primary', 'rabbit_requirements_2026_1_extraction_v1', '') ON CONFLICT (id) DO NOTHING;
INSERT INTO nutrient_requirements (id, species_id, animal_profile_id, nutrient_id, requirement_type, min_value, target_value, max_value, unit, basis, source_id, source_metric, confidence_level, review_status, priority, version, notes) VALUES ('REQ_RABBIT_ADULT_0036', 'rabbit', 'rabbit_adult_maintenance', 'selenium', 'nutrient_requirement', 0.05, NULL, 0.32, 'mg/kg feed', 'feed_12pct_moisture_total_diet', 'SRC_FEDIAF_2024', 'selenium', 'high', 'extracted_from_source', 'primary', 'rabbit_requirements_2026_1_extraction_v1', '') ON CONFLICT (id) DO NOTHING;
INSERT INTO nutrient_requirements (id, species_id, animal_profile_id, nutrient_id, requirement_type, min_value, target_value, max_value, unit, basis, source_id, source_metric, confidence_level, review_status, priority, version, notes) VALUES ('REQ_RABBIT_ADULT_0037', 'rabbit', 'rabbit_adult_maintenance', 'zinc', 'nutrient_requirement', 50, NULL, 150, 'mg/kg feed', 'feed_12pct_moisture_total_diet', 'SRC_FEDIAF_2024', 'zinc', 'high', 'extracted_from_source', 'primary', 'rabbit_requirements_2026_1_extraction_v1', '') ON CONFLICT (id) DO NOTHING;
INSERT INTO nutrient_requirements (id, species_id, animal_profile_id, nutrient_id, requirement_type, min_value, target_value, max_value, unit, basis, source_id, source_metric, confidence_level, review_status, priority, version, notes) VALUES ('REQ_RABBIT_ADULT_0038', 'rabbit', 'rabbit_adult_maintenance', 'vitamin_a', 'nutrient_requirement', 10000, NULL, 12000, 'IU/kg feed', 'feed_12pct_moisture_total_diet', 'SRC_FEDIAF_2024', 'vitamin_a', 'high', 'extracted_from_source', 'primary', 'rabbit_requirements_2026_1_extraction_v1', '') ON CONFLICT (id) DO NOTHING;
INSERT INTO nutrient_requirements (id, species_id, animal_profile_id, nutrient_id, requirement_type, min_value, target_value, max_value, unit, basis, source_id, source_metric, confidence_level, review_status, priority, version, notes) VALUES ('REQ_RABBIT_ADULT_0039', 'rabbit', 'rabbit_adult_maintenance', 'vitamin_d', 'nutrient_requirement', 800, NULL, 1000, 'IU/kg feed', 'feed_12pct_moisture_total_diet', 'SRC_FEDIAF_2024', 'vitamin_d', 'high', 'extracted_from_source', 'primary', 'rabbit_requirements_2026_1_extraction_v1', '') ON CONFLICT (id) DO NOTHING;
INSERT INTO nutrient_requirements (id, species_id, animal_profile_id, nutrient_id, requirement_type, min_value, target_value, max_value, unit, basis, source_id, source_metric, confidence_level, review_status, priority, version, notes) VALUES ('REQ_RABBIT_ADULT_0040', 'rabbit', 'rabbit_adult_maintenance', 'vitamin_e', 'nutrient_requirement', 50, NULL, 160, 'mg/kg feed', 'feed_12pct_moisture_total_diet', 'SRC_FEDIAF_2024', 'vitamin_e', 'high', 'extracted_from_source', 'primary', 'rabbit_requirements_2026_1_extraction_v1', '') ON CONFLICT (id) DO NOTHING;
INSERT INTO nutrient_requirements (id, species_id, animal_profile_id, nutrient_id, requirement_type, min_value, target_value, max_value, unit, basis, source_id, source_metric, confidence_level, review_status, priority, version, notes) VALUES ('REQ_RABBIT_ADULT_0041', 'rabbit', 'rabbit_adult_maintenance', 'vitamin_k', 'nutrient_requirement', NULL, 1, NULL, 'mg/kg feed', 'feed_12pct_moisture_total_diet', 'SRC_FEDIAF_2024', 'vitamin_k', 'high', 'extracted_from_source', 'primary', 'rabbit_requirements_2026_1_extraction_v1', '') ON CONFLICT (id) DO NOTHING;
INSERT INTO nutrient_requirements (id, species_id, animal_profile_id, nutrient_id, requirement_type, min_value, target_value, max_value, unit, basis, source_id, source_metric, confidence_level, review_status, priority, version, notes) VALUES ('REQ_RABBIT_ADULT_0042', 'rabbit', 'rabbit_adult_maintenance', 'calcium', 'safe_upper_limit', NULL, NULL, 10, 'g/kg feed', 'feed_12pct_moisture_total_diet', 'SRC_FEDIAF_2024', 'calcium_upper_limit', 'high', 'extracted_from_source', 'primary', 'rabbit_requirements_2026_1_extraction_v1', 'safe_upper_limit=10') ON CONFLICT (id) DO NOTHING;
INSERT INTO nutrient_requirements (id, species_id, animal_profile_id, nutrient_id, requirement_type, min_value, target_value, max_value, unit, basis, source_id, source_metric, confidence_level, review_status, priority, version, notes) VALUES ('REQ_RABBIT_ADULT_0043', 'rabbit', 'rabbit_adult_maintenance', 'phosphorus', 'safe_upper_limit', NULL, NULL, 9, 'g/kg feed', 'feed_12pct_moisture_total_diet', 'SRC_FEDIAF_2024', 'phosphorus_upper_limit', 'high', 'extracted_from_source', 'primary', 'rabbit_requirements_2026_1_extraction_v1', 'safe_upper_limit=9') ON CONFLICT (id) DO NOTHING;
INSERT INTO nutrient_requirements (id, species_id, animal_profile_id, nutrient_id, requirement_type, min_value, target_value, max_value, unit, basis, source_id, source_metric, confidence_level, review_status, priority, version, notes) VALUES ('REQ_RABBIT_ADULT_0044', 'rabbit', 'rabbit_adult_maintenance', 'potassium', 'safe_upper_limit', NULL, NULL, 16, 'g/kg feed', 'feed_12pct_moisture_total_diet', 'SRC_FEDIAF_2024', 'potassium_upper_limit', 'high', 'extracted_from_source', 'primary', 'rabbit_requirements_2026_1_extraction_v1', 'safe_upper_limit=16') ON CONFLICT (id) DO NOTHING;
INSERT INTO nutrient_requirements (id, species_id, animal_profile_id, nutrient_id, requirement_type, min_value, target_value, max_value, unit, basis, source_id, source_metric, confidence_level, review_status, priority, version, notes) VALUES ('REQ_RABBIT_ADULT_0045', 'rabbit', 'rabbit_adult_maintenance', 'sodium', 'safe_upper_limit', NULL, NULL, 8, 'g/kg feed', 'feed_12pct_moisture_total_diet', 'SRC_FEDIAF_2024', 'sodium_upper_limit', 'high', 'extracted_from_source', 'primary', 'rabbit_requirements_2026_1_extraction_v1', 'safe_upper_limit=8') ON CONFLICT (id) DO NOTHING;
INSERT INTO nutrient_requirements (id, species_id, animal_profile_id, nutrient_id, requirement_type, min_value, target_value, max_value, unit, basis, source_id, source_metric, confidence_level, review_status, priority, version, notes) VALUES ('REQ_RABBIT_ADULT_0046', 'rabbit', 'rabbit_adult_maintenance', 'chloride', 'safe_upper_limit', NULL, NULL, 4.8, 'g/kg feed', 'feed_12pct_moisture_total_diet', 'SRC_FEDIAF_2024', 'chloride_upper_limit', 'high', 'extracted_from_source', 'primary', 'rabbit_requirements_2026_1_extraction_v1', 'safe_upper_limit=4.8') ON CONFLICT (id) DO NOTHING;
INSERT INTO nutrient_requirements (id, species_id, animal_profile_id, nutrient_id, requirement_type, min_value, target_value, max_value, unit, basis, source_id, source_metric, confidence_level, review_status, priority, version, notes) VALUES ('REQ_RABBIT_ADULT_0047', 'rabbit', 'rabbit_adult_maintenance', 'magnesium', 'safe_upper_limit', NULL, NULL, 3.4, 'g/kg feed', 'feed_12pct_moisture_total_diet', 'SRC_FEDIAF_2024', 'magnesium_upper_limit', 'high', 'extracted_from_source', 'primary', 'rabbit_requirements_2026_1_extraction_v1', 'safe_upper_limit=3.4') ON CONFLICT (id) DO NOTHING;
INSERT INTO nutrient_requirements (id, species_id, animal_profile_id, nutrient_id, requirement_type, min_value, target_value, max_value, unit, basis, source_id, source_metric, confidence_level, review_status, priority, version, notes) VALUES ('REQ_RABBIT_ADULT_0048', 'rabbit', 'rabbit_adult_maintenance', 'copper', 'safe_upper_limit', NULL, NULL, 25, 'mg/kg feed', 'feed_12pct_moisture_total_diet', 'SRC_FEDIAF_2024', 'copper_upper_limit', 'high', 'extracted_from_source', 'primary', 'rabbit_requirements_2026_1_extraction_v1', 'safe_upper_limit=25; legal_maximum=25') ON CONFLICT (id) DO NOTHING;
INSERT INTO nutrient_requirements (id, species_id, animal_profile_id, nutrient_id, requirement_type, min_value, target_value, max_value, unit, basis, source_id, source_metric, confidence_level, review_status, priority, version, notes) VALUES ('REQ_RABBIT_ADULT_0049', 'rabbit', 'rabbit_adult_maintenance', 'iodine', 'safe_upper_limit', NULL, NULL, 2, 'mg/kg feed', 'feed_12pct_moisture_total_diet', 'SRC_FEDIAF_2024', 'iodine_upper_limit', 'high', 'extracted_from_source', 'primary', 'rabbit_requirements_2026_1_extraction_v1', 'safe_upper_limit=2; legal_maximum=10') ON CONFLICT (id) DO NOTHING;
INSERT INTO nutrient_requirements (id, species_id, animal_profile_id, nutrient_id, requirement_type, min_value, target_value, max_value, unit, basis, source_id, source_metric, confidence_level, review_status, priority, version, notes) VALUES ('REQ_RABBIT_ADULT_0050', 'rabbit', 'rabbit_adult_maintenance', 'iron', 'safe_upper_limit', NULL, NULL, 1250, 'mg/kg feed', 'feed_12pct_moisture_total_diet', 'SRC_FEDIAF_2024', 'iron_upper_limit', 'high', 'extracted_from_source', 'primary', 'rabbit_requirements_2026_1_extraction_v1', 'legal_maximum=1250') ON CONFLICT (id) DO NOTHING;
INSERT INTO nutrient_requirements (id, species_id, animal_profile_id, nutrient_id, requirement_type, min_value, target_value, max_value, unit, basis, source_id, source_metric, confidence_level, review_status, priority, version, notes) VALUES ('REQ_RABBIT_ADULT_0051', 'rabbit', 'rabbit_adult_maintenance', 'cobalt', 'safe_upper_limit', NULL, NULL, 10, 'mg/kg feed', 'feed_12pct_moisture_total_diet', 'SRC_FEDIAF_2024', 'cobalt_upper_limit', 'high', 'extracted_from_source', 'primary', 'rabbit_requirements_2026_1_extraction_v1', 'legal_maximum=10') ON CONFLICT (id) DO NOTHING;
INSERT INTO nutrient_requirements (id, species_id, animal_profile_id, nutrient_id, requirement_type, min_value, target_value, max_value, unit, basis, source_id, source_metric, confidence_level, review_status, priority, version, notes) VALUES ('REQ_RABBIT_ADULT_0052', 'rabbit', 'rabbit_adult_maintenance', 'manganese', 'safe_upper_limit', NULL, NULL, 75, 'mg/kg feed', 'feed_12pct_moisture_total_diet', 'SRC_FEDIAF_2024', 'manganese_upper_limit', 'high', 'extracted_from_source', 'primary', 'rabbit_requirements_2026_1_extraction_v1', 'safe_upper_limit=75; legal_maximum=150') ON CONFLICT (id) DO NOTHING;
INSERT INTO nutrient_requirements (id, species_id, animal_profile_id, nutrient_id, requirement_type, min_value, target_value, max_value, unit, basis, source_id, source_metric, confidence_level, review_status, priority, version, notes) VALUES ('REQ_RABBIT_ADULT_0053', 'rabbit', 'rabbit_adult_maintenance', 'selenium', 'safe_upper_limit', NULL, NULL, 0.35, 'mg/kg feed', 'feed_12pct_moisture_total_diet', 'SRC_FEDIAF_2024', 'selenium_upper_limit', 'high', 'extracted_from_source', 'primary', 'rabbit_requirements_2026_1_extraction_v1', 'safe_upper_limit=0.35; legal_maximum=0.5') ON CONFLICT (id) DO NOTHING;
INSERT INTO nutrient_requirements (id, species_id, animal_profile_id, nutrient_id, requirement_type, min_value, target_value, max_value, unit, basis, source_id, source_metric, confidence_level, review_status, priority, version, notes) VALUES ('REQ_RABBIT_ADULT_0054', 'rabbit', 'rabbit_adult_maintenance', 'zinc', 'safe_upper_limit', NULL, NULL, 150, 'mg/kg feed', 'feed_12pct_moisture_total_diet', 'SRC_FEDIAF_2024', 'zinc_upper_limit', 'high', 'extracted_from_source', 'primary', 'rabbit_requirements_2026_1_extraction_v1', 'legal_maximum=150') ON CONFLICT (id) DO NOTHING;
INSERT INTO nutrient_requirements (id, species_id, animal_profile_id, nutrient_id, requirement_type, min_value, target_value, max_value, unit, basis, source_id, source_metric, confidence_level, review_status, priority, version, notes) VALUES ('REQ_RABBIT_ADULT_0055', 'rabbit', 'rabbit_adult_maintenance', 'vitamin_d', 'safe_upper_limit', NULL, NULL, 2000, 'IU/kg feed', 'feed_12pct_moisture_total_diet', 'SRC_FEDIAF_2024', 'vitamin_d_upper_limit', 'high', 'extracted_from_source', 'primary', 'rabbit_requirements_2026_1_extraction_v1', 'safe_upper_limit=2000; legal_maximum=2000') ON CONFLICT (id) DO NOTHING;
INSERT INTO nutrient_requirements (id, species_id, animal_profile_id, nutrient_id, requirement_type, min_value, target_value, max_value, unit, basis, source_id, source_metric, confidence_level, review_status, priority, version, notes) VALUES ('REQ_RABBIT_ADULT_0056', 'rabbit', 'rabbit_adult_maintenance', 'digestible_energy', 'nutrient_requirement', 9, NULL, 10.5, 'MJ/kg feed', 'typical_mixed_feed', 'SRC_FEDIAF_2024', 'digestible_energy_density', 'high', 'extracted_from_source', 'primary', 'rabbit_requirements_2026_1_extraction_v1', '') ON CONFLICT (id) DO NOTHING;
INSERT INTO nutrient_requirements (id, species_id, animal_profile_id, nutrient_id, requirement_type, min_value, target_value, max_value, unit, basis, source_id, source_metric, confidence_level, review_status, priority, version, notes) VALUES ('REQ_RABBIT_ADULT_0057', 'rabbit', 'rabbit_adult_maintenance', 'digestible_energy', 'nutrient_requirement', NULL, 105, NULL, 'kcal DE x BW_kg^0.75 / day', 'adult_maintenance', 'SRC_FEDIAF_2024', 'adult_maintenance_de', 'high', 'extracted_from_source', 'primary', 'rabbit_requirements_2026_1_extraction_v1', '') ON CONFLICT (id) DO NOTHING;
INSERT INTO nutrient_requirements (id, species_id, animal_profile_id, nutrient_id, requirement_type, min_value, target_value, max_value, unit, basis, source_id, source_metric, confidence_level, review_status, priority, version, notes) VALUES ('REQ_RABBIT_ADULT_0058', 'rabbit', 'rabbit_adult_maintenance', 'digestible_energy', 'nutrient_requirement', NULL, 0.44, NULL, 'MJ DE x BW_kg^0.75 / day', 'adult_maintenance', 'SRC_FEDIAF_2024', 'adult_maintenance_de_mj', 'high', 'extracted_from_source', 'primary', 'rabbit_requirements_2026_1_extraction_v1', '') ON CONFLICT (id) DO NOTHING;
INSERT INTO nutrient_requirements (id, species_id, animal_profile_id, nutrient_id, requirement_type, min_value, target_value, max_value, unit, basis, source_id, source_metric, confidence_level, review_status, priority, version, notes) VALUES ('REQ_RABBIT_ADULT_0059', 'rabbit', 'rabbit_adult_maintenance', 'metabolizable_energy', 'nutrient_requirement', NULL, 100, NULL, 'kcal ME x BW_kg^0.75 / day', 'adult_maintenance', 'SRC_FEDIAF_2024', 'adult_maintenance_me', 'high', 'extracted_from_source', 'primary', 'rabbit_requirements_2026_1_extraction_v1', '') ON CONFLICT (id) DO NOTHING;
INSERT INTO nutrient_requirements (id, species_id, animal_profile_id, nutrient_id, requirement_type, min_value, target_value, max_value, unit, basis, source_id, source_metric, confidence_level, review_status, priority, version, notes) VALUES ('REQ_RABBIT_ADULT_0060', 'rabbit', 'rabbit_adult_maintenance', 'metabolizable_energy', 'nutrient_requirement', NULL, 0.42, NULL, 'MJ ME x BW_kg^0.75 / day', 'adult_maintenance', 'SRC_FEDIAF_2024', 'adult_maintenance_me_mj', 'high', 'extracted_from_source', 'primary', 'rabbit_requirements_2026_1_extraction_v1', '') ON CONFLICT (id) DO NOTHING;
INSERT INTO nutrient_requirements (id, species_id, animal_profile_id, nutrient_id, requirement_type, min_value, target_value, max_value, unit, basis, source_id, source_metric, confidence_level, review_status, priority, version, notes) VALUES ('REQ_RABBIT_ADULT_0061', 'rabbit', 'rabbit_adult_maintenance', 'dry_matter_intake', 'nutrient_requirement', 3, NULL, 5, '% bodyweight/day', 'adult_pet_rabbit', 'SRC_FEDIAF_2024', 'daily_dry_matter_intake', 'high', 'extracted_from_source', 'primary', 'rabbit_requirements_2026_1_extraction_v1', '') ON CONFLICT (id) DO NOTHING;
INSERT INTO nutrient_requirements (id, species_id, animal_profile_id, nutrient_id, requirement_type, min_value, target_value, max_value, unit, basis, source_id, source_metric, confidence_level, review_status, priority, version, notes) VALUES ('REQ_RABBIT_ADULT_0062', 'rabbit', 'rabbit_adult_maintenance', 'dry_matter_intake', 'observed_intake', NULL, NULL, 8, '% bodyweight/day', 'high_forage_based_diet', 'SRC_FEDIAF_2024', 'daily_dry_matter_intake_high_forage_observed', 'high', 'extracted_from_source', 'primary', 'rabbit_requirements_2026_1_extraction_v1', '') ON CONFLICT (id) DO NOTHING;
INSERT INTO nutrient_requirements (id, species_id, animal_profile_id, nutrient_id, requirement_type, min_value, target_value, max_value, unit, basis, source_id, source_metric, confidence_level, review_status, priority, version, notes) VALUES ('REQ_RABBIT_ADULT_0063', 'rabbit', 'rabbit_adult_maintenance', 'hay_fraction', 'practical_ration', 0.3, NULL, 0.66, 'fraction_of_dry_matter_intake', 'good_quality_hay_or_grass_available', 'SRC_FEDIAF_2024', 'hay_fraction_of_dry_matter_intake', 'high', 'extracted_from_source', 'primary', 'rabbit_requirements_2026_1_extraction_v1', '') ON CONFLICT (id) DO NOTHING;
INSERT INTO nutrient_requirements (id, species_id, animal_profile_id, nutrient_id, requirement_type, min_value, target_value, max_value, unit, basis, source_id, source_metric, confidence_level, review_status, priority, version, notes) VALUES ('REQ_RABBIT_ADULT_0064', 'rabbit', 'rabbit_adult_maintenance', 'water_intake', 'water_requirement', 100, NULL, 150, 'ml/kg bodyweight/day', 'adult_pet_rabbit', 'SRC_FEDIAF_2024', 'water_intake', 'high', 'extracted_from_source', 'primary', 'rabbit_requirements_2026_1_extraction_v1', '') ON CONFLICT (id) DO NOTHING;
INSERT INTO nutrient_requirements (id, species_id, animal_profile_id, nutrient_id, requirement_type, min_value, target_value, max_value, unit, basis, source_id, source_metric, confidence_level, review_status, priority, version, notes) VALUES ('REQ_RABBIT_ADULT_0065', 'rabbit', 'rabbit_adult_maintenance', 'crude_protein', 'nutrient_requirement', NULL, 12, NULL, '%', 'maintenance_diet', 'SRC_MERCK_2024', 'total_protein', 'high', 'extracted_from_source', 'secondary', 'rabbit_requirements_2026_1_extraction_v1', '') ON CONFLICT (id) DO NOTHING;
INSERT INTO nutrient_requirements (id, species_id, animal_profile_id, nutrient_id, requirement_type, min_value, target_value, max_value, unit, basis, source_id, source_metric, confidence_level, review_status, priority, version, notes) VALUES ('REQ_RABBIT_ADULT_0066', 'rabbit', 'rabbit_adult_maintenance', 'digestible_protein', 'nutrient_requirement', NULL, 9, NULL, '%', 'maintenance_diet', 'SRC_MERCK_2024', 'digestible_protein', 'high', 'extracted_from_source', 'secondary', 'rabbit_requirements_2026_1_extraction_v1', '') ON CONFLICT (id) DO NOTHING;
INSERT INTO nutrient_requirements (id, species_id, animal_profile_id, nutrient_id, requirement_type, min_value, target_value, max_value, unit, basis, source_id, source_metric, confidence_level, review_status, priority, version, notes) VALUES ('REQ_RABBIT_ADULT_0067', 'rabbit', 'rabbit_adult_maintenance', 'fat', 'nutrient_requirement', 1.5, NULL, 2, '%', 'maintenance_diet', 'SRC_MERCK_2024', 'fat', 'high', 'extracted_from_source', 'secondary', 'rabbit_requirements_2026_1_extraction_v1', '') ON CONFLICT (id) DO NOTHING;
INSERT INTO nutrient_requirements (id, species_id, animal_profile_id, nutrient_id, requirement_type, min_value, target_value, max_value, unit, basis, source_id, source_metric, confidence_level, review_status, priority, version, notes) VALUES ('REQ_RABBIT_ADULT_0068', 'rabbit', 'rabbit_adult_maintenance', 'crude_fibre', 'nutrient_requirement', 14, NULL, 20, '%', 'maintenance_diet', 'SRC_MERCK_2024', 'fibre', 'high', 'extracted_from_source', 'secondary', 'rabbit_requirements_2026_1_extraction_v1', '') ON CONFLICT (id) DO NOTHING;
INSERT INTO nutrient_requirements (id, species_id, animal_profile_id, nutrient_id, requirement_type, min_value, target_value, max_value, unit, basis, source_id, source_metric, confidence_level, review_status, priority, version, notes) VALUES ('REQ_RABBIT_ADULT_0069', 'rabbit', 'rabbit_adult_maintenance', 'digestible_carbohydrate_nfe', 'nutrient_requirement', 40, NULL, 45, '%', 'maintenance_diet', 'SRC_MERCK_2024', 'digestible_carbohydrate_nfe', 'high', 'extracted_from_source', 'secondary', 'rabbit_requirements_2026_1_extraction_v1', '') ON CONFLICT (id) DO NOTHING;
INSERT INTO nutrient_requirements (id, species_id, animal_profile_id, nutrient_id, requirement_type, min_value, target_value, max_value, unit, basis, source_id, source_metric, confidence_level, review_status, priority, version, notes) VALUES ('REQ_RABBIT_ADULT_0070', 'rabbit', 'rabbit_adult_maintenance', 'total_digestible_nutrient', 'nutrient_requirement', 50, NULL, 60, '%', 'maintenance_diet', 'SRC_MERCK_2024', 'total_digestible_nutrient', 'high', 'extracted_from_source', 'secondary', 'rabbit_requirements_2026_1_extraction_v1', '') ON CONFLICT (id) DO NOTHING;
INSERT INTO nutrient_requirements (id, species_id, animal_profile_id, nutrient_id, requirement_type, min_value, target_value, max_value, unit, basis, source_id, source_metric, confidence_level, review_status, priority, version, notes) VALUES ('REQ_RABBIT_ADULT_0071', 'rabbit', 'rabbit_adult_maintenance', 'calcium', 'nutrient_requirement', 0.4, NULL, 0.5, '% of diet', 'nonlactating_rabbit', 'SRC_MERCK_2024', 'calcium_nonlactating', 'high', 'extracted_from_source', 'secondary', 'rabbit_requirements_2026_1_extraction_v1', '') ON CONFLICT (id) DO NOTHING;
INSERT INTO nutrient_requirements (id, species_id, animal_profile_id, nutrient_id, requirement_type, min_value, target_value, max_value, unit, basis, source_id, source_metric, confidence_level, review_status, priority, version, notes) VALUES ('REQ_RABBIT_ADULT_0072', 'rabbit', 'rabbit_adult_maintenance', 'vitamin_a', 'nutrient_requirement', 5000, NULL, 75000, 'IU/kg diet', 'diet', 'SRC_MERCK_2024', 'vitamin_a', 'high', 'extracted_from_source', 'secondary', 'rabbit_requirements_2026_1_extraction_v1', '') ON CONFLICT (id) DO NOTHING;
INSERT INTO nutrient_requirements (id, species_id, animal_profile_id, nutrient_id, requirement_type, min_value, target_value, max_value, unit, basis, source_id, source_metric, confidence_level, review_status, priority, version, notes) VALUES ('REQ_RABBIT_ADULT_0073', 'rabbit', 'rabbit_adult_maintenance', 'water_intake', 'water_requirement', NULL, 120, NULL, 'ml/kg bodyweight/day', 'maintenance', 'SRC_MERCK_2024', 'water_intake', 'high', 'extracted_from_source', 'secondary', 'rabbit_requirements_2026_1_extraction_v1', '') ON CONFLICT (id) DO NOTHING;
INSERT INTO nutrient_requirements (id, species_id, animal_profile_id, nutrient_id, requirement_type, min_value, target_value, max_value, unit, basis, source_id, source_metric, confidence_level, review_status, priority, version, notes) VALUES ('REQ_RABBIT_ADULT_0074', 'rabbit', 'rabbit_adult_maintenance', 'water_intake', 'clinical_support', NULL, 240, NULL, 'ml/kg bodyweight/day', 'clinical_dehydration', 'SRC_MERCK_2024', 'dehydration_fluid_support', 'high', 'extracted_from_source', 'clinical', 'rabbit_requirements_2026_1_extraction_v1', '') ON CONFLICT (id) DO NOTHING;
INSERT INTO nutrient_requirements (id, species_id, animal_profile_id, nutrient_id, requirement_type, min_value, target_value, max_value, unit, basis, source_id, source_metric, confidence_level, review_status, priority, version, notes) VALUES ('REQ_RABBIT_ADULT_0075', 'rabbit', 'rabbit_adult_maintenance', 'water_intake', 'clinical_support', NULL, 10, NULL, 'ml/kg/hour', 'clinical_dehydration', 'SRC_MERCK_2024', 'dehydration_fluid_support_hourly', 'high', 'extracted_from_source', 'clinical', 'rabbit_requirements_2026_1_extraction_v1', '') ON CONFLICT (id) DO NOTHING;
INSERT INTO nutrient_requirements (id, species_id, animal_profile_id, nutrient_id, requirement_type, min_value, target_value, max_value, unit, basis, source_id, source_metric, confidence_level, review_status, priority, version, notes) VALUES ('REQ_RABBIT_ADULT_0076', 'rabbit', 'rabbit_adult_maintenance', 'pellets', 'practical_ration', NULL, 0.25, NULL, 'cup/5 lb bodyweight/day', 'adult_nonbreeding_rabbit', 'SRC_MERCK_2024', 'pellets_adult_nonbreeding', 'high', 'extracted_from_source', 'secondary', 'rabbit_requirements_2026_1_extraction_v1', '') ON CONFLICT (id) DO NOTHING;
INSERT INTO nutrient_requirements (id, species_id, animal_profile_id, nutrient_id, requirement_type, min_value, target_value, max_value, unit, basis, source_id, source_metric, confidence_level, review_status, priority, version, notes) VALUES ('REQ_RABBIT_ADULT_0077', 'rabbit', 'rabbit_adult_maintenance', 'crude_fibre', 'practical_threshold', NULL, 15, NULL, '%', 'intestinal_motility_practical_value', 'SRC_MERCK_2024', 'fibre_for_motility', 'high', 'extracted_from_source', 'secondary', 'rabbit_requirements_2026_1_extraction_v1', '') ON CONFLICT (id) DO NOTHING;
INSERT INTO nutrient_requirements (id, species_id, animal_profile_id, nutrient_id, requirement_type, min_value, target_value, max_value, unit, basis, source_id, source_metric, confidence_level, review_status, priority, version, notes) VALUES ('REQ_RABBIT_ADULT_0078', 'rabbit', 'rabbit_adult_maintenance', 'crude_fibre', 'ingredient_context', NULL, 30, 35, '%', 'timothy_hay_typical', 'SRC_MERCK_2024', 'timothy_hay_fibre', 'high', 'extracted_from_source', 'ingredient_context', 'rabbit_requirements_2026_1_extraction_v1', '') ON CONFLICT (id) DO NOTHING;
INSERT INTO nutrient_requirements (id, species_id, animal_profile_id, nutrient_id, requirement_type, min_value, target_value, max_value, unit, basis, source_id, source_metric, confidence_level, review_status, priority, version, notes) VALUES ('REQ_RABBIT_ADULT_0079', 'rabbit', 'rabbit_adult_maintenance', 'crude_fibre', 'practical_threshold', NULL, 20, NULL, '%', 'pet_rabbit_recommended_diet', 'SRC_MERCK_2024', 'crude_fibre_recommended_pet', 'high', 'extracted_from_source', 'secondary', 'rabbit_requirements_2026_1_extraction_v1', '') ON CONFLICT (id) DO NOTHING;
INSERT INTO nutrient_requirements (id, species_id, animal_profile_id, nutrient_id, requirement_type, min_value, target_value, max_value, unit, basis, source_id, source_metric, confidence_level, review_status, priority, version, notes) VALUES ('REQ_RABBIT_ADULT_0080', 'rabbit', 'rabbit_adult_maintenance', 'crude_fibre', 'practical_threshold', NULL, 12.5, NULL, '% indigestible fibre', 'pet_rabbit_recommended_diet', 'SRC_MERCK_2024', 'indigestible_fibre_recommended_pet', 'high', 'extracted_from_source', 'secondary', 'rabbit_requirements_2026_1_extraction_v1', '') ON CONFLICT (id) DO NOTHING;
INSERT INTO nutrient_requirements (id, species_id, animal_profile_id, nutrient_id, requirement_type, min_value, target_value, max_value, unit, basis, source_id, source_metric, confidence_level, review_status, priority, version, notes) VALUES ('REQ_RABBIT_ADULT_0081', 'rabbit', 'rabbit_adult_maintenance', 'crude_fibre', 'ingredient_context', NULL, 30, NULL, '% fibre', 'good_quality_grass_hay', 'SRC_CHUV_2025', 'hay_fibre_content', 'high', 'extracted_from_source', 'secondary', 'rabbit_requirements_2026_1_extraction_v1', '') ON CONFLICT (id) DO NOTHING;
INSERT INTO nutrient_requirements (id, species_id, animal_profile_id, nutrient_id, requirement_type, min_value, target_value, max_value, unit, basis, source_id, source_metric, confidence_level, review_status, priority, version, notes) VALUES ('REQ_RABBIT_ADULT_0082', 'rabbit', 'rabbit_adult_maintenance', 'pellets', 'practical_ration', NULL, NULL, 1, 'tablespoon/kg bodyweight/day', 'adult_rabbit', 'SRC_CHUV_2025', 'pellet_daily_amount', 'high', 'extracted_from_source', 'secondary', 'rabbit_requirements_2026_1_extraction_v1', '') ON CONFLICT (id) DO NOTHING;
INSERT INTO nutrient_requirements (id, species_id, animal_profile_id, nutrient_id, requirement_type, min_value, target_value, max_value, unit, basis, source_id, source_metric, confidence_level, review_status, priority, version, notes) VALUES ('REQ_RABBIT_ADULT_0083', 'rabbit', 'rabbit_adult_maintenance', 'crude_fibre', 'product_threshold', 18, NULL, NULL, '%', 'commercial_uniform_pellet', 'SRC_CHUV_2025', 'pellet_fibre', 'high', 'extracted_from_source', 'secondary', 'rabbit_requirements_2026_1_extraction_v1', '') ON CONFLICT (id) DO NOTHING;
INSERT INTO nutrient_requirements (id, species_id, animal_profile_id, nutrient_id, requirement_type, min_value, target_value, max_value, unit, basis, source_id, source_metric, confidence_level, review_status, priority, version, notes) VALUES ('REQ_RABBIT_ADULT_0084', 'rabbit', 'rabbit_adult_maintenance', 'crude_protein', 'product_threshold', NULL, NULL, 16, '%', 'commercial_uniform_pellet', 'SRC_CHUV_2025', 'pellet_protein', 'high', 'extracted_from_source', 'secondary', 'rabbit_requirements_2026_1_extraction_v1', '') ON CONFLICT (id) DO NOTHING;
INSERT INTO nutrient_requirements (id, species_id, animal_profile_id, nutrient_id, requirement_type, min_value, target_value, max_value, unit, basis, source_id, source_metric, confidence_level, review_status, priority, version, notes) VALUES ('REQ_RABBIT_ADULT_0085', 'rabbit', 'rabbit_adult_maintenance', 'fat', 'product_threshold', NULL, NULL, 2.5, '%', 'commercial_uniform_pellet', 'SRC_CHUV_2025', 'pellet_fat', 'high', 'extracted_from_source', 'secondary', 'rabbit_requirements_2026_1_extraction_v1', '') ON CONFLICT (id) DO NOTHING;
INSERT INTO nutrient_requirements (id, species_id, animal_profile_id, nutrient_id, requirement_type, min_value, target_value, max_value, unit, basis, source_id, source_metric, confidence_level, review_status, priority, version, notes) VALUES ('REQ_RABBIT_ADULT_0086', 'rabbit', 'rabbit_adult_maintenance', 'calcium', 'product_threshold', NULL, NULL, 1, '%', 'commercial_uniform_pellet', 'SRC_CHUV_2025', 'pellet_calcium', 'high', 'extracted_from_source', 'secondary', 'rabbit_requirements_2026_1_extraction_v1', '') ON CONFLICT (id) DO NOTHING;
INSERT INTO nutrient_requirements (id, species_id, animal_profile_id, nutrient_id, requirement_type, min_value, target_value, max_value, unit, basis, source_id, source_metric, confidence_level, review_status, priority, version, notes) VALUES ('REQ_RABBIT_ADULT_0087', 'rabbit', 'rabbit_adult_maintenance', 'fresh_greens', 'practical_ration', NULL, 1, NULL, 'cup/kg bodyweight/day', 'adult_rabbit', 'SRC_CHUV_2025', 'fresh_greens', 'high', 'extracted_from_source', 'secondary', 'rabbit_requirements_2026_1_extraction_v1', '') ON CONFLICT (id) DO NOTHING;
INSERT INTO nutrient_requirements (id, species_id, animal_profile_id, nutrient_id, requirement_type, min_value, target_value, max_value, unit, basis, source_id, source_metric, confidence_level, review_status, priority, version, notes) VALUES ('REQ_RABBIT_ADULT_0088', 'rabbit', 'rabbit_adult_maintenance', 'fresh_greens', 'practical_ration', 2, NULL, 5, 'different greens/day', 'adult_rabbit', 'SRC_CHUV_2025', 'daily_greens_variety', 'high', 'extracted_from_source', 'secondary', 'rabbit_requirements_2026_1_extraction_v1', '') ON CONFLICT (id) DO NOTHING;
INSERT INTO nutrient_requirements (id, species_id, animal_profile_id, nutrient_id, requirement_type, min_value, target_value, max_value, unit, basis, source_id, source_metric, confidence_level, review_status, priority, version, notes) VALUES ('REQ_RABBIT_ADULT_0089', 'rabbit', 'rabbit_adult_maintenance', 'water_intake', 'water_requirement', 100, NULL, 150, 'ml/kg bodyweight/day', 'adult_rabbit', 'SRC_CHUV_2025', 'water_intake', 'high', 'extracted_from_source', 'secondary', 'rabbit_requirements_2026_1_extraction_v1', '') ON CONFLICT (id) DO NOTHING;
INSERT INTO nutrient_requirements (id, species_id, animal_profile_id, nutrient_id, requirement_type, min_value, target_value, max_value, unit, basis, source_id, source_metric, confidence_level, review_status, priority, version, notes) VALUES ('REQ_RABBIT_ADULT_0090', 'rabbit', 'rabbit_adult_maintenance', 'fruit_treat', 'treat_limit', NULL, NULL, 1, 'teaspoon/2.5 kg bodyweight', 'occasional_treat', 'SRC_CHUV_2025', 'fruit_treat_amount', 'high', 'extracted_from_source', 'secondary', 'rabbit_requirements_2026_1_extraction_v1', '') ON CONFLICT (id) DO NOTHING;
INSERT INTO nutrient_requirements (id, species_id, animal_profile_id, nutrient_id, requirement_type, min_value, target_value, max_value, unit, basis, source_id, source_metric, confidence_level, review_status, priority, version, notes) VALUES ('REQ_RABBIT_ADULT_0091', 'rabbit', 'rabbit_adult_maintenance', 'fruit_treat', 'treat_limit', NULL, NULL, 2, 'times/week', 'occasional_treat', 'SRC_CHUV_2025', 'fruit_treat_frequency', 'high', 'extracted_from_source', 'secondary', 'rabbit_requirements_2026_1_extraction_v1', '') ON CONFLICT (id) DO NOTHING;
INSERT INTO nutrient_requirements (id, species_id, animal_profile_id, nutrient_id, requirement_type, min_value, target_value, max_value, unit, basis, source_id, source_metric, confidence_level, review_status, priority, version, notes) VALUES ('REQ_RABBIT_ADULT_0092', 'rabbit', 'rabbit_adult_maintenance', 'hay_fraction', 'practical_ration', 80, NULL, 90, '% of diet', 'high_quality_grass_hay', 'SRC_NCSU_UNDATED', 'hay_diet_fraction_summary', 'high', 'extracted_from_source', 'secondary', 'rabbit_requirements_2026_1_extraction_v1', '') ON CONFLICT (id) DO NOTHING;
INSERT INTO nutrient_requirements (id, species_id, animal_profile_id, nutrient_id, requirement_type, min_value, target_value, max_value, unit, basis, source_id, source_metric, confidence_level, review_status, priority, version, notes) VALUES ('REQ_RABBIT_ADULT_0093', 'rabbit', 'rabbit_adult_maintenance', 'hay_fraction', 'practical_ration', 75, NULL, 80, '% of diet', 'fresh_grass_hay', 'SRC_NCSU_UNDATED', 'hay_diet_fraction_detailed', 'high', 'extracted_from_source', 'secondary', 'rabbit_requirements_2026_1_extraction_v1', '') ON CONFLICT (id) DO NOTHING;
INSERT INTO nutrient_requirements (id, species_id, animal_profile_id, nutrient_id, requirement_type, min_value, target_value, max_value, unit, basis, source_id, source_metric, confidence_level, review_status, priority, version, notes) VALUES ('REQ_RABBIT_ADULT_0094', 'rabbit', 'rabbit_adult_maintenance', 'pellets', 'practical_ration', NULL, 0.25, NULL, 'cup/5 lb bodyweight/day', 'adult_rabbit', 'SRC_NCSU_UNDATED', 'pellet_daily_amount', 'high', 'extracted_from_source', 'secondary', 'rabbit_requirements_2026_1_extraction_v1', '') ON CONFLICT (id) DO NOTHING;
INSERT INTO nutrient_requirements (id, species_id, animal_profile_id, nutrient_id, requirement_type, min_value, target_value, max_value, unit, basis, source_id, source_metric, confidence_level, review_status, priority, version, notes) VALUES ('REQ_RABBIT_ADULT_0095', 'rabbit', 'rabbit_adult_maintenance', 'fresh_greens', 'practical_ration', NULL, 0.5, NULL, 'cup/2 lb bodyweight/day', 'adult_rabbit', 'SRC_NCSU_UNDATED', 'greens_daily_amount', 'high', 'extracted_from_source', 'secondary', 'rabbit_requirements_2026_1_extraction_v1', '') ON CONFLICT (id) DO NOTHING;
INSERT INTO nutrient_requirements (id, species_id, animal_profile_id, nutrient_id, requirement_type, min_value, target_value, max_value, unit, basis, source_id, source_metric, confidence_level, review_status, priority, version, notes) VALUES ('REQ_RABBIT_ADULT_0096', 'rabbit', 'rabbit_adult_maintenance', 'fruit_treat', 'treat_limit', NULL, 0.5, NULL, 'inch_piece', 'few_times_per_week', 'SRC_NCSU_UNDATED', 'treat_fruit_carrot_piece', 'high', 'extracted_from_source', 'secondary', 'rabbit_requirements_2026_1_extraction_v1', '') ON CONFLICT (id) DO NOTHING;
INSERT INTO nutrient_requirements (id, species_id, animal_profile_id, nutrient_id, requirement_type, min_value, target_value, max_value, unit, basis, source_id, source_metric, confidence_level, review_status, priority, version, notes) VALUES ('REQ_RABBIT_ADULT_0097', 'rabbit', 'rabbit_adult_maintenance', 'water_intake', 'water_availability', NULL, 24, NULL, 'hours/day', 'bowl_or_bottle', 'SRC_NCSU_UNDATED', 'water_availability', 'high', 'extracted_from_source', 'secondary', 'rabbit_requirements_2026_1_extraction_v1', '') ON CONFLICT (id) DO NOTHING;

-- Seed product source registry

INSERT INTO product_source_registry (id, name, source_type, base_url, access_model, reliability_level, priority_order, notes) VALUES ('SRC_OPENPETFOODFACTS', 'OpenPetFoodFacts', 'open_database_api', 'https://world.openpetfoodfacts.org/api/v2/product/{barcode}.json', 'open_read_api', 'medium', 1, 'Main open pet food barcode source. User-contributed data, must keep confidence flags.') ON CONFLICT (id) DO NOTHING;
INSERT INTO product_source_registry (id, name, source_type, base_url, access_model, reliability_level, priority_order, notes) VALUES ('SRC_OPENFOODFACTS_UNIVERSAL', 'OpenFoodFacts universal scan', 'open_database_api', 'https://world.openfoodfacts.org/api/v2/product/{barcode}.json?product_type=all', 'open_read_api', 'medium', 2, 'Fallback for products stored on another Product Opener instance.') ON CONFLICT (id) DO NOTHING;
INSERT INTO product_source_registry (id, name, source_type, base_url, access_model, reliability_level, priority_order, notes) VALUES ('SRC_MANUFACTURER_PAGE', 'Manufacturer official page', 'manufacturer_page', NULL, 'public_web_page_or_partner', 'high', 3, 'Preferred enrichment source when OpenPetFoodFacts is incomplete.') ON CONFLICT (id) DO NOTHING;
INSERT INTO product_source_registry (id, name, source_type, base_url, access_model, reliability_level, priority_order, notes) VALUES ('SRC_RETAILER_PAGE', 'Retailer product page', 'retailer_page', NULL, 'public_web_page_or_partner', 'medium', 4, 'Use only when manufacturer data is missing.') ON CONFLICT (id) DO NOTHING;
INSERT INTO product_source_registry (id, name, source_type, base_url, access_model, reliability_level, priority_order, notes) VALUES ('SRC_USER_OCR', 'User label OCR', 'ocr', NULL, 'user_contributed', 'low_medium', 5, 'Needs validation and image evidence.') ON CONFLICT (id) DO NOTHING;

-- Seed demo products from manufacturer pages

INSERT INTO products (id, barcode, brand, name, product_type, target_species, life_stage, data_quality_score, primary_source_id, created_at, updated_at) VALUES ('PRD_OXBOW_ESSENTIALS_ADULT_RABBIT', NULL, 'Oxbow', 'Essentials Adult Rabbit Food', 'commercial_uniform_pellet', '["rabbit"]'::jsonb, '["adult"]'::jsonb, 0.92, NULL, '2026-06-06T00:00:00+02:00', '2026-06-06T00:00:00+02:00') ON CONFLICT (id) DO NOTHING;
INSERT INTO products (id, barcode, brand, name, product_type, target_species, life_stage, data_quality_score, primary_source_id, created_at, updated_at) VALUES ('PRD_BURGESS_EXCEL_ADULT_RABBIT_MINT', NULL, 'Burgess Excel', 'Adult Rabbit Nuggets with Mint', 'commercial_uniform_pellet', '["rabbit"]'::jsonb, '["adult"]'::jsonb, 0.9, NULL, '2026-06-06T00:00:00+02:00', '2026-06-06T00:00:00+02:00') ON CONFLICT (id) DO NOTHING;
INSERT INTO product_source_records (id, product_id, registry_source_id, source_name, source_url, source_product_id, fetched_at, raw_payload, reliability_level, license_notes) VALUES ('SRCREC_OXBOW_ESSENTIALS_ADULT_RABBIT', 'PRD_OXBOW_ESSENTIALS_ADULT_RABBIT', 'SRC_MANUFACTURER_PAGE', 'Oxbow official product page', 'https://oxbowanimalhealth.com/product/essentials-adult-rabbit-food/', 'essentials-adult-rabbit-food', '2026-06-06T00:00:00+02:00', '{"evidence": "Official page lists ingredients and guaranteed analysis."}'::jsonb, 'high', 'Public manufacturer page. Store extracted facts with source URL.') ON CONFLICT (id) DO NOTHING;
INSERT INTO product_source_records (id, product_id, registry_source_id, source_name, source_url, source_product_id, fetched_at, raw_payload, reliability_level, license_notes) VALUES ('SRCREC_BURGESS_EXCEL_ADULT_RABBIT_MINT', 'PRD_BURGESS_EXCEL_ADULT_RABBIT_MINT', 'SRC_MANUFACTURER_PAGE', 'Burgess official product page', 'https://www.burgesspetcare.com/shop/rabbit-food/excel-adult-rabbit-nuggets-with-mint/', 'excel-adult-rabbit-nuggets-with-mint', '2026-06-06T00:00:00+02:00', '{"evidence": "Official page lists analytical constituents, composition and additives."}'::jsonb, 'high', 'Public manufacturer page. Store extracted facts with source URL.') ON CONFLICT (id) DO NOTHING;
UPDATE products SET primary_source_id = 'SRCREC_OXBOW_ESSENTIALS_ADULT_RABBIT' WHERE id = 'PRD_OXBOW_ESSENTIALS_ADULT_RABBIT';
UPDATE products SET primary_source_id = 'SRCREC_BURGESS_EXCEL_ADULT_RABBIT_MINT' WHERE id = 'PRD_BURGESS_EXCEL_ADULT_RABBIT_MINT';
INSERT INTO product_ingredients (id, product_id, ingredients_text, source_record_id, extraction_method, confidence_level) VALUES ('ING_OXBOW_001', 'PRD_OXBOW_ESSENTIALS_ADULT_RABBIT', 'Timothy Grass Meal, Soybean Hulls, Soybean Meal, Cane Molasses, Wheat Middlings, Sodium Bentonite, Soybean Oil, Salt, Lignin Sulfonate, Hydrolyzed Yeast, Choline Chloride, Vitamin E Supplement, Zinc Sulfate, Yeast Culture, Zinc Proteinate, Niacin, Copper Sulfate, d-Calcium Pantothenate, Manganous Oxide, Riboflavin Supplement, Biotin, Thiamine Mononitrate, Magnesium Sulfate, Copper Proteinate, Vitamin A Supplement, Sodium Selenite, Manganese Proteinate, Pyridoxine Hydrochloride, Folic Acid, Vitamin D3 Supplement, Cobalt Carbonate, Vitamin B12 Supplement, Calcium Iodate', 'SRCREC_OXBOW_ESSENTIALS_ADULT_RABBIT', 'manual_from_manufacturer_page', 'high') ON CONFLICT (id) DO NOTHING;
INSERT INTO product_ingredients (id, product_id, ingredients_text, source_record_id, extraction_method, confidence_level) VALUES ('ING_BURGESS_001', 'PRD_BURGESS_EXCEL_ADULT_RABBIT_MINT', 'Grass meal, Wholegrain Wheat, Soya bean hulls, Oatfeed, Wheat feed, Lignocellulose, Yeast (Brewers Yeast and Grains), Dried Lucerne, Dried mint (1%), Soya oil, Dicalcium phosphate, calcium carbonate, Short chain fructo-oligosaccharides (Prebiotic FOS 0.25%), Salt', 'SRCREC_BURGESS_EXCEL_ADULT_RABBIT_MINT', 'manual_from_manufacturer_page', 'high') ON CONFLICT (id) DO NOTHING;
INSERT INTO product_nutrients (id, product_id, nutrient_id, source_metric, declared_text, value_min, value_max, value_exact, declared_unit, declared_basis, value_type, normalized_value_min, normalized_value_max, normalized_value_exact, normalized_unit, normalized_basis, source_record_id, extraction_method, confidence_level, canonicalization_status) VALUES ('PN_OXBOW_PROTEIN', 'PRD_OXBOW_ESSENTIALS_ADULT_RABBIT', 'crude_protein', 'crude', 'Crude Protein min 14.00%', 14.0, NULL, NULL, '%', 'as_fed_label', 'min', 14.0, NULL, NULL, '%', 'commercial_uniform_pellet', 'SRCREC_OXBOW_ESSENTIALS_ADULT_RABBIT', 'manual_from_manufacturer_page', 'high', 'mapped') ON CONFLICT (id) DO NOTHING;
INSERT INTO product_nutrients (id, product_id, nutrient_id, source_metric, declared_text, value_min, value_max, value_exact, declared_unit, declared_basis, value_type, normalized_value_min, normalized_value_max, normalized_value_exact, normalized_unit, normalized_basis, source_record_id, extraction_method, confidence_level, canonicalization_status) VALUES ('PN_OXBOW_FAT', 'PRD_OXBOW_ESSENTIALS_ADULT_RABBIT', 'fat', 'crude', 'Crude Fat min 2.00%', 2.0, NULL, NULL, '%', 'as_fed_label', 'min', 2.0, NULL, NULL, '%', 'commercial_uniform_pellet', 'SRCREC_OXBOW_ESSENTIALS_ADULT_RABBIT', 'manual_from_manufacturer_page', 'high', 'mapped') ON CONFLICT (id) DO NOTHING;
INSERT INTO product_nutrients (id, product_id, nutrient_id, source_metric, declared_text, value_min, value_max, value_exact, declared_unit, declared_basis, value_type, normalized_value_min, normalized_value_max, normalized_value_exact, normalized_unit, normalized_basis, source_record_id, extraction_method, confidence_level, canonicalization_status) VALUES ('PN_OXBOW_FIBRE', 'PRD_OXBOW_ESSENTIALS_ADULT_RABBIT', 'crude_fibre', 'crude', 'Crude Fiber min 25.00% max 29.00%', 25.0, 29.0, NULL, '%', 'as_fed_label', 'range', 25.0, 29.0, NULL, '%', 'commercial_uniform_pellet', 'SRCREC_OXBOW_ESSENTIALS_ADULT_RABBIT', 'manual_from_manufacturer_page', 'high', 'mapped') ON CONFLICT (id) DO NOTHING;
INSERT INTO product_nutrients (id, product_id, nutrient_id, source_metric, declared_text, value_min, value_max, value_exact, declared_unit, declared_basis, value_type, normalized_value_min, normalized_value_max, normalized_value_exact, normalized_unit, normalized_basis, source_record_id, extraction_method, confidence_level, canonicalization_status) VALUES ('PN_OXBOW_MOISTURE', 'PRD_OXBOW_ESSENTIALS_ADULT_RABBIT', 'moisture', 'moisture', 'Moisture max 10.00%', NULL, 10.0, NULL, '%', 'as_fed_label', 'max', NULL, 10.0, NULL, '%', 'commercial_uniform_pellet', 'SRCREC_OXBOW_ESSENTIALS_ADULT_RABBIT', 'manual_from_manufacturer_page', 'high', 'mapped') ON CONFLICT (id) DO NOTHING;
INSERT INTO product_nutrients (id, product_id, nutrient_id, source_metric, declared_text, value_min, value_max, value_exact, declared_unit, declared_basis, value_type, normalized_value_min, normalized_value_max, normalized_value_exact, normalized_unit, normalized_basis, source_record_id, extraction_method, confidence_level, canonicalization_status) VALUES ('PN_OXBOW_CALCIUM', 'PRD_OXBOW_ESSENTIALS_ADULT_RABBIT', 'calcium', 'calcium', 'Calcium min 0.35% max 0.75%', 0.35, 0.75, NULL, '%', 'as_fed_label', 'range', 0.35, 0.75, NULL, '%', 'commercial_uniform_pellet', 'SRCREC_OXBOW_ESSENTIALS_ADULT_RABBIT', 'manual_from_manufacturer_page', 'high', 'mapped') ON CONFLICT (id) DO NOTHING;
INSERT INTO product_nutrients (id, product_id, nutrient_id, source_metric, declared_text, value_min, value_max, value_exact, declared_unit, declared_basis, value_type, normalized_value_min, normalized_value_max, normalized_value_exact, normalized_unit, normalized_basis, source_record_id, extraction_method, confidence_level, canonicalization_status) VALUES ('PN_OXBOW_PHOSPHORUS', 'PRD_OXBOW_ESSENTIALS_ADULT_RABBIT', 'phosphorus', 'phosphorus', 'Phosphorus min 0.25%', 0.25, NULL, NULL, '%', 'as_fed_label', 'min', 0.25, NULL, NULL, '%', 'commercial_uniform_pellet', 'SRCREC_OXBOW_ESSENTIALS_ADULT_RABBIT', 'manual_from_manufacturer_page', 'high', 'mapped') ON CONFLICT (id) DO NOTHING;
INSERT INTO product_nutrients (id, product_id, nutrient_id, source_metric, declared_text, value_min, value_max, value_exact, declared_unit, declared_basis, value_type, normalized_value_min, normalized_value_max, normalized_value_exact, normalized_unit, normalized_basis, source_record_id, extraction_method, confidence_level, canonicalization_status) VALUES ('PN_OXBOW_VITA', 'PRD_OXBOW_ESSENTIALS_ADULT_RABBIT', 'vitamin_a', 'vitamin', 'Vitamin A min 10000 IU/kg', 10000.0, NULL, NULL, 'IU/kg', 'as_fed_label', 'min', 10000.0, NULL, NULL, 'IU/kg', 'commercial_uniform_pellet', 'SRCREC_OXBOW_ESSENTIALS_ADULT_RABBIT', 'manual_from_manufacturer_page', 'high', 'mapped') ON CONFLICT (id) DO NOTHING;
INSERT INTO product_nutrients (id, product_id, nutrient_id, source_metric, declared_text, value_min, value_max, value_exact, declared_unit, declared_basis, value_type, normalized_value_min, normalized_value_max, normalized_value_exact, normalized_unit, normalized_basis, source_record_id, extraction_method, confidence_level, canonicalization_status) VALUES ('PN_OXBOW_VITD', 'PRD_OXBOW_ESSENTIALS_ADULT_RABBIT', 'vitamin_d', 'vitamin', 'Vitamin D min 900 IU/kg', 900.0, NULL, NULL, 'IU/kg', 'as_fed_label', 'min', 900.0, NULL, NULL, 'IU/kg', 'commercial_uniform_pellet', 'SRCREC_OXBOW_ESSENTIALS_ADULT_RABBIT', 'manual_from_manufacturer_page', 'high', 'mapped') ON CONFLICT (id) DO NOTHING;
INSERT INTO product_nutrients (id, product_id, nutrient_id, source_metric, declared_text, value_min, value_max, value_exact, declared_unit, declared_basis, value_type, normalized_value_min, normalized_value_max, normalized_value_exact, normalized_unit, normalized_basis, source_record_id, extraction_method, confidence_level, canonicalization_status) VALUES ('PN_OXBOW_VITE', 'PRD_OXBOW_ESSENTIALS_ADULT_RABBIT', 'vitamin_e', 'vitamin', 'Vitamin E min 190 IU/kg', 190.0, NULL, NULL, 'IU/kg', 'as_fed_label', 'min', 190.0, NULL, NULL, 'IU/kg', 'commercial_uniform_pellet', 'SRCREC_OXBOW_ESSENTIALS_ADULT_RABBIT', 'manual_from_manufacturer_page', 'high', 'mapped') ON CONFLICT (id) DO NOTHING;
INSERT INTO product_nutrients (id, product_id, nutrient_id, source_metric, declared_text, value_min, value_max, value_exact, declared_unit, declared_basis, value_type, normalized_value_min, normalized_value_max, normalized_value_exact, normalized_unit, normalized_basis, source_record_id, extraction_method, confidence_level, canonicalization_status) VALUES ('PN_BURGESS_BENEFICIAL_FIBRE', 'PRD_BURGESS_EXCEL_ADULT_RABBIT_MINT', NULL, 'beneficial_fibre', 'Beneficial fibre 40.5%', NULL, NULL, 40.5, '%', 'as_fed_label', 'unmapped_exact', NULL, NULL, 40.5, '%', 'commercial_uniform_pellet', 'SRCREC_BURGESS_EXCEL_ADULT_RABBIT_MINT', 'manual_from_manufacturer_page', 'high', 'unmapped') ON CONFLICT (id) DO NOTHING;
INSERT INTO product_nutrients (id, product_id, nutrient_id, source_metric, declared_text, value_min, value_max, value_exact, declared_unit, declared_basis, value_type, normalized_value_min, normalized_value_max, normalized_value_exact, normalized_unit, normalized_basis, source_record_id, extraction_method, confidence_level, canonicalization_status) VALUES ('PN_BURGESS_PROTEIN', 'PRD_BURGESS_EXCEL_ADULT_RABBIT_MINT', 'crude_protein', 'crude', 'Crude protein 12%', NULL, NULL, 12.0, '%', 'as_fed_label', 'exact', NULL, NULL, 12.0, '%', 'commercial_uniform_pellet', 'SRCREC_BURGESS_EXCEL_ADULT_RABBIT_MINT', 'manual_from_manufacturer_page', 'high', 'mapped') ON CONFLICT (id) DO NOTHING;
INSERT INTO product_nutrients (id, product_id, nutrient_id, source_metric, declared_text, value_min, value_max, value_exact, declared_unit, declared_basis, value_type, normalized_value_min, normalized_value_max, normalized_value_exact, normalized_unit, normalized_basis, source_record_id, extraction_method, confidence_level, canonicalization_status) VALUES ('PN_BURGESS_FAT', 'PRD_BURGESS_EXCEL_ADULT_RABBIT_MINT', 'fat', 'crude', 'Crude oils and fats 3%', NULL, NULL, 3.0, '%', 'as_fed_label', 'exact', NULL, NULL, 3.0, '%', 'commercial_uniform_pellet', 'SRCREC_BURGESS_EXCEL_ADULT_RABBIT_MINT', 'manual_from_manufacturer_page', 'high', 'mapped') ON CONFLICT (id) DO NOTHING;
INSERT INTO product_nutrients (id, product_id, nutrient_id, source_metric, declared_text, value_min, value_max, value_exact, declared_unit, declared_basis, value_type, normalized_value_min, normalized_value_max, normalized_value_exact, normalized_unit, normalized_basis, source_record_id, extraction_method, confidence_level, canonicalization_status) VALUES ('PN_BURGESS_FIBRE', 'PRD_BURGESS_EXCEL_ADULT_RABBIT_MINT', 'crude_fibre', 'crude', 'Crude fibre 21%', NULL, NULL, 21.0, '%', 'as_fed_label', 'exact', NULL, NULL, 21.0, '%', 'commercial_uniform_pellet', 'SRCREC_BURGESS_EXCEL_ADULT_RABBIT_MINT', 'manual_from_manufacturer_page', 'high', 'mapped') ON CONFLICT (id) DO NOTHING;
INSERT INTO product_nutrients (id, product_id, nutrient_id, source_metric, declared_text, value_min, value_max, value_exact, declared_unit, declared_basis, value_type, normalized_value_min, normalized_value_max, normalized_value_exact, normalized_unit, normalized_basis, source_record_id, extraction_method, confidence_level, canonicalization_status) VALUES ('PN_BURGESS_ASH', 'PRD_BURGESS_EXCEL_ADULT_RABBIT_MINT', 'ash', 'crude', 'Crude ash 6%', NULL, NULL, 6.0, '%', 'as_fed_label', 'exact', NULL, NULL, 6.0, '%', 'commercial_uniform_pellet', 'SRCREC_BURGESS_EXCEL_ADULT_RABBIT_MINT', 'manual_from_manufacturer_page', 'high', 'mapped') ON CONFLICT (id) DO NOTHING;
INSERT INTO product_nutrients (id, product_id, nutrient_id, source_metric, declared_text, value_min, value_max, value_exact, declared_unit, declared_basis, value_type, normalized_value_min, normalized_value_max, normalized_value_exact, normalized_unit, normalized_basis, source_record_id, extraction_method, confidence_level, canonicalization_status) VALUES ('PN_BURGESS_SODIUM', 'PRD_BURGESS_EXCEL_ADULT_RABBIT_MINT', 'sodium', 'sodium', 'Sodium 0.14%', NULL, NULL, 0.14, '%', 'as_fed_label', 'exact', NULL, NULL, 0.14, '%', 'commercial_uniform_pellet', 'SRCREC_BURGESS_EXCEL_ADULT_RABBIT_MINT', 'manual_from_manufacturer_page', 'high', 'mapped') ON CONFLICT (id) DO NOTHING;
INSERT INTO product_nutrients (id, product_id, nutrient_id, source_metric, declared_text, value_min, value_max, value_exact, declared_unit, declared_basis, value_type, normalized_value_min, normalized_value_max, normalized_value_exact, normalized_unit, normalized_basis, source_record_id, extraction_method, confidence_level, canonicalization_status) VALUES ('PN_BURGESS_CALCIUM', 'PRD_BURGESS_EXCEL_ADULT_RABBIT_MINT', 'calcium', 'calcium', 'Calcium 0.8%', NULL, NULL, 0.8, '%', 'as_fed_label', 'exact', NULL, NULL, 0.8, '%', 'commercial_uniform_pellet', 'SRCREC_BURGESS_EXCEL_ADULT_RABBIT_MINT', 'manual_from_manufacturer_page', 'high', 'mapped') ON CONFLICT (id) DO NOTHING;
INSERT INTO product_nutrients (id, product_id, nutrient_id, source_metric, declared_text, value_min, value_max, value_exact, declared_unit, declared_basis, value_type, normalized_value_min, normalized_value_max, normalized_value_exact, normalized_unit, normalized_basis, source_record_id, extraction_method, confidence_level, canonicalization_status) VALUES ('PN_BURGESS_PHOSPHORUS', 'PRD_BURGESS_EXCEL_ADULT_RABBIT_MINT', 'phosphorus', 'phosphorous', 'Phosphorous 0.5%', NULL, NULL, 0.5, '%', 'as_fed_label', 'exact', NULL, NULL, 0.5, '%', 'commercial_uniform_pellet', 'SRCREC_BURGESS_EXCEL_ADULT_RABBIT_MINT', 'manual_from_manufacturer_page', 'high', 'mapped') ON CONFLICT (id) DO NOTHING;
INSERT INTO product_nutrients (id, product_id, nutrient_id, source_metric, declared_text, value_min, value_max, value_exact, declared_unit, declared_basis, value_type, normalized_value_min, normalized_value_max, normalized_value_exact, normalized_unit, normalized_basis, source_record_id, extraction_method, confidence_level, canonicalization_status) VALUES ('PN_BURGESS_VITA', 'PRD_BURGESS_EXCEL_ADULT_RABBIT_MINT', 'vitamin_a', 'vitamin', 'Vitamin A 25000 IU/kg', NULL, NULL, 25000.0, 'IU/kg', 'as_fed_label', 'exact', NULL, NULL, 25000.0, 'IU/kg', 'commercial_uniform_pellet', 'SRCREC_BURGESS_EXCEL_ADULT_RABBIT_MINT', 'manual_from_manufacturer_page', 'high', 'mapped') ON CONFLICT (id) DO NOTHING;
INSERT INTO product_nutrients (id, product_id, nutrient_id, source_metric, declared_text, value_min, value_max, value_exact, declared_unit, declared_basis, value_type, normalized_value_min, normalized_value_max, normalized_value_exact, normalized_unit, normalized_basis, source_record_id, extraction_method, confidence_level, canonicalization_status) VALUES ('PN_BURGESS_VITD', 'PRD_BURGESS_EXCEL_ADULT_RABBIT_MINT', 'vitamin_d', 'vitamin', 'Vitamin D3 2000 IU/kg', NULL, NULL, 2000.0, 'IU/kg', 'as_fed_label', 'exact', NULL, NULL, 2000.0, 'IU/kg', 'commercial_uniform_pellet', 'SRCREC_BURGESS_EXCEL_ADULT_RABBIT_MINT', 'manual_from_manufacturer_page', 'high', 'mapped') ON CONFLICT (id) DO NOTHING;
INSERT INTO product_nutrients (id, product_id, nutrient_id, source_metric, declared_text, value_min, value_max, value_exact, declared_unit, declared_basis, value_type, normalized_value_min, normalized_value_max, normalized_value_exact, normalized_unit, normalized_basis, source_record_id, extraction_method, confidence_level, canonicalization_status) VALUES ('PN_BURGESS_VITE', 'PRD_BURGESS_EXCEL_ADULT_RABBIT_MINT', 'vitamin_e', 'vitamin', 'Vitamin E 155 mg/kg', NULL, NULL, 155.0, 'mg/kg', 'as_fed_label', 'exact', NULL, NULL, 155.0, 'mg/kg', 'commercial_uniform_pellet', 'SRCREC_BURGESS_EXCEL_ADULT_RABBIT_MINT', 'manual_from_manufacturer_page', 'high', 'mapped') ON CONFLICT (id) DO NOTHING;
INSERT INTO product_nutrients (id, product_id, nutrient_id, source_metric, declared_text, value_min, value_max, value_exact, declared_unit, declared_basis, value_type, normalized_value_min, normalized_value_max, normalized_value_exact, normalized_unit, normalized_basis, source_record_id, extraction_method, confidence_level, canonicalization_status) VALUES ('PN_BURGESS_ZINC', 'PRD_BURGESS_EXCEL_ADULT_RABBIT_MINT', 'zinc', 'zinc', 'Zinc 100 mg/kg', NULL, NULL, 100.0, 'mg/kg', 'as_fed_label', 'exact', NULL, NULL, 100.0, 'mg/kg', 'commercial_uniform_pellet', 'SRCREC_BURGESS_EXCEL_ADULT_RABBIT_MINT', 'manual_from_manufacturer_page', 'high', 'mapped') ON CONFLICT (id) DO NOTHING;
INSERT INTO product_nutrients (id, product_id, nutrient_id, source_metric, declared_text, value_min, value_max, value_exact, declared_unit, declared_basis, value_type, normalized_value_min, normalized_value_max, normalized_value_exact, normalized_unit, normalized_basis, source_record_id, extraction_method, confidence_level, canonicalization_status) VALUES ('PN_BURGESS_COPPER', 'PRD_BURGESS_EXCEL_ADULT_RABBIT_MINT', 'copper', 'copper', 'Copper 7 mg/kg', NULL, NULL, 7.0, 'mg/kg', 'as_fed_label', 'exact', NULL, NULL, 7.0, 'mg/kg', 'commercial_uniform_pellet', 'SRCREC_BURGESS_EXCEL_ADULT_RABBIT_MINT', 'manual_from_manufacturer_page', 'high', 'mapped') ON CONFLICT (id) DO NOTHING;
INSERT INTO product_nutrients (id, product_id, nutrient_id, source_metric, declared_text, value_min, value_max, value_exact, declared_unit, declared_basis, value_type, normalized_value_min, normalized_value_max, normalized_value_exact, normalized_unit, normalized_basis, source_record_id, extraction_method, confidence_level, canonicalization_status) VALUES ('PN_BURGESS_IODINE', 'PRD_BURGESS_EXCEL_ADULT_RABBIT_MINT', 'iodine', 'iodine', 'Iodine 1.3 mg/kg', NULL, NULL, 1.3, 'mg/kg', 'as_fed_label', 'exact', NULL, NULL, 1.3, 'mg/kg', 'commercial_uniform_pellet', 'SRCREC_BURGESS_EXCEL_ADULT_RABBIT_MINT', 'manual_from_manufacturer_page', 'high', 'mapped') ON CONFLICT (id) DO NOTHING;
INSERT INTO product_nutrients (id, product_id, nutrient_id, source_metric, declared_text, value_min, value_max, value_exact, declared_unit, declared_basis, value_type, normalized_value_min, normalized_value_max, normalized_value_exact, normalized_unit, normalized_basis, source_record_id, extraction_method, confidence_level, canonicalization_status) VALUES ('PN_BURGESS_SELENIUM', 'PRD_BURGESS_EXCEL_ADULT_RABBIT_MINT', 'selenium', 'selenium', 'Selenium 0.25 mg/kg', NULL, NULL, 0.25, 'mg/kg', 'as_fed_label', 'exact', NULL, NULL, 0.25, 'mg/kg', 'commercial_uniform_pellet', 'SRCREC_BURGESS_EXCEL_ADULT_RABBIT_MINT', 'manual_from_manufacturer_page', 'high', 'mapped') ON CONFLICT (id) DO NOTHING;
