-- Rabbit Nutrition Database - seed generated from project extraction
-- Version: rabbit_requirements_2026_1_extraction_v1
-- Created: 2026-06-06

DROP TABLE IF EXISTS normalization_notes;
DROP TABLE IF EXISTS do_not_integrate;
DROP TABLE IF EXISTS ingredient_compositions;
DROP TABLE IF EXISTS nutrient_requirements;
DROP TABLE IF EXISTS nutrients;
DROP TABLE IF EXISTS animal_profiles;
DROP TABLE IF EXISTS species;
DROP TABLE IF EXISTS sources;

CREATE TABLE sources (
    id TEXT PRIMARY KEY,
    title TEXT NOT NULL,
    organization TEXT,
    publication_year INTEGER,
    source_type TEXT,
    language TEXT,
    url TEXT,
    reliability_level TEXT,
    use_in_db TEXT,
    notes TEXT
);
CREATE TABLE species (
    id TEXT PRIMARY KEY,
    common_name_fr TEXT,
    common_name_en TEXT,
    scientific_name TEXT
);
CREATE TABLE animal_profiles (
    id TEXT PRIMARY KEY,
    species_id TEXT NOT NULL,
    life_stage TEXT,
    physiological_status TEXT,
    label_fr TEXT,
    description TEXT,
    FOREIGN KEY (species_id) REFERENCES species(id)
);
CREATE TABLE nutrients (
    id TEXT PRIMARY KEY,
    canonical_name TEXT NOT NULL,
    display_name_fr TEXT,
    category TEXT,
    synonyms TEXT
);
CREATE TABLE nutrient_requirements (
    id TEXT PRIMARY KEY,
    species_id TEXT NOT NULL,
    animal_profile_id TEXT NOT NULL,
    nutrient_id TEXT NOT NULL,
    requirement_type TEXT,
    min_value REAL,
    target_value REAL,
    max_value REAL,
    unit TEXT NOT NULL,
    basis TEXT NOT NULL,
    source_id TEXT NOT NULL,
    source_metric TEXT,
    confidence_level TEXT,
    review_status TEXT,
    priority TEXT,
    version TEXT,
    notes TEXT,
    FOREIGN KEY (species_id) REFERENCES species(id),
    FOREIGN KEY (animal_profile_id) REFERENCES animal_profiles(id),
    FOREIGN KEY (nutrient_id) REFERENCES nutrients(id),
    FOREIGN KEY (source_id) REFERENCES sources(id)
);
CREATE TABLE ingredient_compositions (
    id TEXT PRIMARY KEY,
    ingredient_id TEXT,
    ingredient_name_fr TEXT,
    ingredient_name_en TEXT,
    nutrient_id TEXT,
    avg_value REAL,
    sd REAL,
    min_value REAL,
    max_value REAL,
    unit TEXT,
    basis TEXT,
    source_id TEXT,
    use_in_db TEXT,
    notes TEXT,
    FOREIGN KEY (nutrient_id) REFERENCES nutrients(id),
    FOREIGN KEY (source_id) REFERENCES sources(id)
);
CREATE TABLE do_not_integrate (
    nutrient_key TEXT PRIMARY KEY,
    reason TEXT,
    status TEXT
);
CREATE TABLE normalization_notes (
    id TEXT PRIMARY KEY,
    note TEXT
);

INSERT INTO sources (id, title, organization, publication_year, source_type, language, url, reliability_level, use_in_db, notes) VALUES ('SRC_FEDIAF_2024', 'Nutritional Guidelines for Feeding Pet Rabbits', 'FEDIAF', 2024, 'veterinary_guideline', 'en', 'https://europeanpetfood.org/wp-content/uploads/2025/03/FEDIAF-Nutritional-Guidelines-for-Feeding-Pet-Rabbits-online-version.pdf', 'very_high', 'primary_requirements', 'Main source for rabbit_adult_maintenance numeric nutrient requirements. Values are for total diet at 12% moisture and assumed 10 MJ DE/kg when stated.');
INSERT INTO sources (id, title, organization, publication_year, source_type, language, url, reliability_level, use_in_db, notes) VALUES ('SRC_MERCK_2024', 'Nutrition of Rabbits', 'Merck Veterinary Manual', 2024, 'clinical_reference', 'en', 'https://www.merckvetmanual.com/exotic-and-laboratory-animals/rabbits/nutrition-of-rabbits', 'high', 'secondary_requirements_and_practical_rules', 'Clinical synthesis. Useful for maintenance values, water intake, pellet amount, calcium and fibre practical values.');
INSERT INTO sources (id, title, organization, publication_year, source_type, language, url, reliability_level, use_in_db, notes) VALUES ('SRC_CHUV_2025', 'L''alimentation chez le lapin', 'CHUV Universite de Montreal', 2025, 'clinical_fact_sheet', 'fr', 'https://chuv.umontreal.ca/wp-content/uploads/2023/03/Alimentation-lapin-2025.pdf', 'high', 'practical_feeding_rules', 'Francophone clinical source with concrete adult pellet thresholds, greens, water and treat quantities.');
INSERT INTO sources (id, title, organization, publication_year, source_type, language, url, reliability_level, use_in_db, notes) VALUES ('SRC_NCSU_UNDATED', 'Caring for Your Pet Rabbit', 'NCSU Veterinary Hospital', NULL, 'clinical_owner_guide', 'en', 'https://hospital.cvm.ncsu.edu/services/small-animals/nutrition/caring-for-your-pet-rabbit/', 'medium_high', 'practical_feeding_rules', 'Useful for diet fraction, pellet quantity and greens quantity. Mostly owner-facing practical data.');
INSERT INTO sources (id, title, organization, publication_year, source_type, language, url, reliability_level, use_in_db, notes) VALUES ('SRC_FEEDIPEDIA_ALFALFA', 'Alfalfa hay', 'Feedipedia / INRAE-CIRAD-AFZ', NULL, 'ingredient_composition_database', 'en', 'https://www.feedipedia.org/node/11743', 'high', 'ingredient_composition_only', 'Ingredient composition values only. Do not store as rabbit requirements.');
INSERT INTO species (id, common_name_fr, common_name_en, scientific_name) VALUES ('rabbit', 'Lapin', 'Rabbit', 'Oryctolagus cuniculus');
INSERT INTO animal_profiles (id, species_id, life_stage, physiological_status, label_fr, description) VALUES ('rabbit_adult_maintenance', 'rabbit', 'adult', 'maintenance', 'Lapin adulte en entretien', 'Profil initial pour lapin adulte non gestant, non lactant, sans pathologie connue.');
INSERT INTO nutrients (id, canonical_name, display_name_fr, category, synonyms) VALUES ('crude_protein', 'crude_protein', 'Proteines brutes', 'protein', '["protein", "total_protein", "proteine_brute"]');
INSERT INTO nutrients (id, canonical_name, display_name_fr, category, synonyms) VALUES ('digestible_protein', 'digestible_protein', 'Proteines digestibles', 'protein', '[]');
INSERT INTO nutrients (id, canonical_name, display_name_fr, category, synonyms) VALUES ('arginine', 'arginine', 'Arginine', 'amino_acid', '[]');
INSERT INTO nutrients (id, canonical_name, display_name_fr, category, synonyms) VALUES ('glycine', 'glycine', 'Glycine', 'amino_acid', '[]');
INSERT INTO nutrients (id, canonical_name, display_name_fr, category, synonyms) VALUES ('lysine', 'lysine', 'Lysine', 'amino_acid', '[]');
INSERT INTO nutrients (id, canonical_name, display_name_fr, category, synonyms) VALUES ('methionine_cystine', 'methionine_cystine', 'Methionine + cystine', 'amino_acid', '["methionine+cystine", "met_cys"]');
INSERT INTO nutrients (id, canonical_name, display_name_fr, category, synonyms) VALUES ('threonine', 'threonine', 'Threonine', 'amino_acid', '[]');
INSERT INTO nutrients (id, canonical_name, display_name_fr, category, synonyms) VALUES ('starch', 'starch', 'Amidon', 'carbohydrate', '[]');
INSERT INTO nutrients (id, canonical_name, display_name_fr, category, synonyms) VALUES ('adf', 'adf', 'ADF', 'fiber', '["acid_detergent_fiber", "fibre_detergent_acide"]');
INSERT INTO nutrients (id, canonical_name, display_name_fr, category, synonyms) VALUES ('ndf', 'ndf', 'NDF', 'fiber', '["neutral_detergent_fiber", "fibre_detergent_neutre"]');
INSERT INTO nutrients (id, canonical_name, display_name_fr, category, synonyms) VALUES ('adl', 'adl', 'ADL', 'fiber', '["acid_detergent_lignin", "lignine_detergent_acide"]');
INSERT INTO nutrients (id, canonical_name, display_name_fr, category, synonyms) VALUES ('fibre_ratio_non_adf_to_adf', 'fibre_ratio_non_adf_to_adf', 'Ratio non-ADF/ADF', 'fiber_ratio', '[]');
INSERT INTO nutrients (id, canonical_name, display_name_fr, category, synonyms) VALUES ('adf_minus_adl', 'adf_minus_adl', 'ADF moins ADL', 'fiber', '[]');
INSERT INTO nutrients (id, canonical_name, display_name_fr, category, synonyms) VALUES ('crude_fibre', 'crude_fibre', 'Fibres brutes', 'fiber', '["crude_fiber", "fibre_brute"]');
INSERT INTO nutrients (id, canonical_name, display_name_fr, category, synonyms) VALUES ('fat', 'fat', 'Matieres grasses', 'fat', '["ether_extract", "lipides"]');
INSERT INTO nutrients (id, canonical_name, display_name_fr, category, synonyms) VALUES ('calcium', 'calcium', 'Calcium', 'mineral', '["ca"]');
INSERT INTO nutrients (id, canonical_name, display_name_fr, category, synonyms) VALUES ('phosphorus', 'phosphorus', 'Phosphore', 'mineral', '["p"]');
INSERT INTO nutrients (id, canonical_name, display_name_fr, category, synonyms) VALUES ('calcium_phosphorus_ratio', 'calcium_phosphorus_ratio', 'Ratio calcium/phosphore', 'mineral_ratio', '["ca_p_ratio"]');
INSERT INTO nutrients (id, canonical_name, display_name_fr, category, synonyms) VALUES ('potassium', 'potassium', 'Potassium', 'mineral', '["k"]');
INSERT INTO nutrients (id, canonical_name, display_name_fr, category, synonyms) VALUES ('sodium', 'sodium', 'Sodium', 'mineral', '["na"]');
INSERT INTO nutrients (id, canonical_name, display_name_fr, category, synonyms) VALUES ('chloride', 'chloride', 'Chlorure', 'mineral', '["cl"]');
INSERT INTO nutrients (id, canonical_name, display_name_fr, category, synonyms) VALUES ('magnesium', 'magnesium', 'Magnesium', 'mineral', '["mg"]');
INSERT INTO nutrients (id, canonical_name, display_name_fr, category, synonyms) VALUES ('copper', 'copper', 'Cuivre', 'trace_element', '["cu"]');
INSERT INTO nutrients (id, canonical_name, display_name_fr, category, synonyms) VALUES ('iodine', 'iodine', 'Iode', 'trace_element', '["i"]');
INSERT INTO nutrients (id, canonical_name, display_name_fr, category, synonyms) VALUES ('iron', 'iron', 'Fer', 'trace_element', '["fe"]');
INSERT INTO nutrients (id, canonical_name, display_name_fr, category, synonyms) VALUES ('cobalt', 'cobalt', 'Cobalt', 'trace_element', '["co"]');
INSERT INTO nutrients (id, canonical_name, display_name_fr, category, synonyms) VALUES ('manganese', 'manganese', 'Manganese', 'trace_element', '["mn"]');
INSERT INTO nutrients (id, canonical_name, display_name_fr, category, synonyms) VALUES ('selenium', 'selenium', 'Selenium', 'trace_element', '["se"]');
INSERT INTO nutrients (id, canonical_name, display_name_fr, category, synonyms) VALUES ('zinc', 'zinc', 'Zinc', 'trace_element', '["zn"]');
INSERT INTO nutrients (id, canonical_name, display_name_fr, category, synonyms) VALUES ('vitamin_a', 'vitamin_a', 'Vitamine A', 'vitamin', '[]');
INSERT INTO nutrients (id, canonical_name, display_name_fr, category, synonyms) VALUES ('vitamin_d', 'vitamin_d', 'Vitamine D', 'vitamin', '[]');
INSERT INTO nutrients (id, canonical_name, display_name_fr, category, synonyms) VALUES ('vitamin_e', 'vitamin_e', 'Vitamine E', 'vitamin', '[]');
INSERT INTO nutrients (id, canonical_name, display_name_fr, category, synonyms) VALUES ('vitamin_k', 'vitamin_k', 'Vitamine K', 'vitamin', '[]');
INSERT INTO nutrients (id, canonical_name, display_name_fr, category, synonyms) VALUES ('digestible_energy', 'digestible_energy', 'Energie digestible', 'energy', '["de"]');
INSERT INTO nutrients (id, canonical_name, display_name_fr, category, synonyms) VALUES ('metabolizable_energy', 'metabolizable_energy', 'Energie metabolisable', 'energy', '["me"]');
INSERT INTO nutrients (id, canonical_name, display_name_fr, category, synonyms) VALUES ('dry_matter_intake', 'dry_matter_intake', 'Ingestion de matiere seche', 'intake', '[]');
INSERT INTO nutrients (id, canonical_name, display_name_fr, category, synonyms) VALUES ('hay_fraction', 'hay_fraction', 'Part de foin/fourrage', 'practical_ration', '[]');
INSERT INTO nutrients (id, canonical_name, display_name_fr, category, synonyms) VALUES ('water_intake', 'water_intake', 'Consommation d''eau', 'water', '[]');
INSERT INTO nutrients (id, canonical_name, display_name_fr, category, synonyms) VALUES ('digestible_carbohydrate_nfe', 'digestible_carbohydrate_nfe', 'Glucides digestibles NFE', 'carbohydrate', '["nitrogen_free_extract"]');
INSERT INTO nutrients (id, canonical_name, display_name_fr, category, synonyms) VALUES ('total_digestible_nutrient', 'total_digestible_nutrient', 'Total digestible nutrients', 'energy', '["tdn"]');
INSERT INTO nutrients (id, canonical_name, display_name_fr, category, synonyms) VALUES ('pellets', 'pellets', 'Granules', 'practical_ration', '[]');
INSERT INTO nutrients (id, canonical_name, display_name_fr, category, synonyms) VALUES ('fresh_greens', 'fresh_greens', 'Verdure fraiche', 'practical_ration', '[]');
INSERT INTO nutrients (id, canonical_name, display_name_fr, category, synonyms) VALUES ('fruit_treat', 'fruit_treat', 'Friandise fruit', 'practical_ration', '[]');
INSERT INTO nutrients (id, canonical_name, display_name_fr, category, synonyms) VALUES ('dry_matter', 'dry_matter', 'Matiere seche', 'proximate', '[]');
INSERT INTO nutrients (id, canonical_name, display_name_fr, category, synonyms) VALUES ('ash', 'ash', 'Cendres brutes', 'proximate', '[]');
INSERT INTO nutrients (id, canonical_name, display_name_fr, category, synonyms) VALUES ('gross_energy', 'gross_energy', 'Energie brute', 'energy', '[]');
INSERT INTO nutrients (id, canonical_name, display_name_fr, category, synonyms) VALUES ('ether_extract', 'ether_extract', 'Extrait ethere', 'fat', '[]');
INSERT INTO nutrient_requirements (id, species_id, animal_profile_id, nutrient_id, requirement_type, min_value, target_value, max_value, unit, basis, source_id, source_metric, confidence_level, review_status, priority, version, notes) VALUES ('REQ_RABBIT_ADULT_0001', 'rabbit', 'rabbit_adult_maintenance', 'crude_protein', 'nutrient_requirement', 120, NULL, 170, 'g/kg feed', 'feed_12pct_moisture_total_diet', 'SRC_FEDIAF_2024', 'crude_protein', 'high', 'extracted_from_source', 'primary', 'rabbit_requirements_2026_1_extraction_v1', '');
INSERT INTO nutrient_requirements (id, species_id, animal_profile_id, nutrient_id, requirement_type, min_value, target_value, max_value, unit, basis, source_id, source_metric, confidence_level, review_status, priority, version, notes) VALUES ('REQ_RABBIT_ADULT_0002', 'rabbit', 'rabbit_adult_maintenance', 'crude_protein', 'nutrient_requirement', 12, NULL, 17, '%', 'feed_12pct_moisture_total_diet', 'SRC_FEDIAF_2024', 'crude_protein_percent', 'high', 'extracted_from_source', 'primary', 'rabbit_requirements_2026_1_extraction_v1', '');
INSERT INTO nutrient_requirements (id, species_id, animal_profile_id, nutrient_id, requirement_type, min_value, target_value, max_value, unit, basis, source_id, source_metric, confidence_level, review_status, priority, version, notes) VALUES ('REQ_RABBIT_ADULT_0003', 'rabbit', 'rabbit_adult_maintenance', 'arginine', 'nutrient_requirement', 8, NULL, 9, 'g/kg feed', 'feed_12pct_moisture_total_diet', 'SRC_FEDIAF_2024', 'arginine', 'high', 'extracted_from_source', 'primary', 'rabbit_requirements_2026_1_extraction_v1', '');
INSERT INTO nutrient_requirements (id, species_id, animal_profile_id, nutrient_id, requirement_type, min_value, target_value, max_value, unit, basis, source_id, source_metric, confidence_level, review_status, priority, version, notes) VALUES ('REQ_RABBIT_ADULT_0004', 'rabbit', 'rabbit_adult_maintenance', 'glycine', 'nutrient_requirement', NULL, 6.8, NULL, 'g/kg feed', 'feed_12pct_moisture_total_diet', 'SRC_FEDIAF_2024', 'glycine', 'high', 'extracted_from_source', 'primary', 'rabbit_requirements_2026_1_extraction_v1', '');
INSERT INTO nutrient_requirements (id, species_id, animal_profile_id, nutrient_id, requirement_type, min_value, target_value, max_value, unit, basis, source_id, source_metric, confidence_level, review_status, priority, version, notes) VALUES ('REQ_RABBIT_ADULT_0005', 'rabbit', 'rabbit_adult_maintenance', 'lysine', 'nutrient_requirement', 5, NULL, 8, 'g/kg feed', 'feed_12pct_moisture_total_diet', 'SRC_FEDIAF_2024', 'lysine', 'high', 'extracted_from_source', 'primary', 'rabbit_requirements_2026_1_extraction_v1', '');
INSERT INTO nutrient_requirements (id, species_id, animal_profile_id, nutrient_id, requirement_type, min_value, target_value, max_value, unit, basis, source_id, source_metric, confidence_level, review_status, priority, version, notes) VALUES ('REQ_RABBIT_ADULT_0006', 'rabbit', 'rabbit_adult_maintenance', 'methionine_cystine', 'nutrient_requirement', 5.4, NULL, 6.5, 'g/kg feed', 'feed_12pct_moisture_total_diet', 'SRC_FEDIAF_2024', 'methionine_cystine', 'high', 'extracted_from_source', 'primary', 'rabbit_requirements_2026_1_extraction_v1', '');
INSERT INTO nutrient_requirements (id, species_id, animal_profile_id, nutrient_id, requirement_type, min_value, target_value, max_value, unit, basis, source_id, source_metric, confidence_level, review_status, priority, version, notes) VALUES ('REQ_RABBIT_ADULT_0007', 'rabbit', 'rabbit_adult_maintenance', 'threonine', 'nutrient_requirement', 5.8, NULL, 6.5, 'g/kg feed', 'feed_12pct_moisture_total_diet', 'SRC_FEDIAF_2024', 'threonine', 'high', 'extracted_from_source', 'primary', 'rabbit_requirements_2026_1_extraction_v1', '');
INSERT INTO nutrient_requirements (id, species_id, animal_profile_id, nutrient_id, requirement_type, min_value, target_value, max_value, unit, basis, source_id, source_metric, confidence_level, review_status, priority, version, notes) VALUES ('REQ_RABBIT_ADULT_0008', 'rabbit', 'rabbit_adult_maintenance', 'starch', 'nutrient_requirement', NULL, NULL, 200, 'g/kg feed', 'feed_12pct_moisture_total_diet', 'SRC_FEDIAF_2024', 'starch', 'high', 'extracted_from_source', 'primary', 'rabbit_requirements_2026_1_extraction_v1', '');
INSERT INTO nutrient_requirements (id, species_id, animal_profile_id, nutrient_id, requirement_type, min_value, target_value, max_value, unit, basis, source_id, source_metric, confidence_level, review_status, priority, version, notes) VALUES ('REQ_RABBIT_ADULT_0009', 'rabbit', 'rabbit_adult_maintenance', 'starch', 'nutrient_requirement', NULL, NULL, 20, '%', 'feed_12pct_moisture_total_diet', 'SRC_FEDIAF_2024', 'starch_percent', 'high', 'extracted_from_source', 'primary', 'rabbit_requirements_2026_1_extraction_v1', '');
INSERT INTO nutrient_requirements (id, species_id, animal_profile_id, nutrient_id, requirement_type, min_value, target_value, max_value, unit, basis, source_id, source_metric, confidence_level, review_status, priority, version, notes) VALUES ('REQ_RABBIT_ADULT_0010', 'rabbit', 'rabbit_adult_maintenance', 'adf', 'nutrient_requirement', 170, NULL, NULL, 'g/kg feed', 'feed_12pct_moisture_total_diet', 'SRC_FEDIAF_2024', 'adf', 'high', 'extracted_from_source', 'primary', 'rabbit_requirements_2026_1_extraction_v1', '');
INSERT INTO nutrient_requirements (id, species_id, animal_profile_id, nutrient_id, requirement_type, min_value, target_value, max_value, unit, basis, source_id, source_metric, confidence_level, review_status, priority, version, notes) VALUES ('REQ_RABBIT_ADULT_0011', 'rabbit', 'rabbit_adult_maintenance', 'adf', 'nutrient_requirement', 17, NULL, NULL, '%', 'feed_12pct_moisture_total_diet', 'SRC_FEDIAF_2024', 'adf_percent', 'high', 'extracted_from_source', 'primary', 'rabbit_requirements_2026_1_extraction_v1', '');
INSERT INTO nutrient_requirements (id, species_id, animal_profile_id, nutrient_id, requirement_type, min_value, target_value, max_value, unit, basis, source_id, source_metric, confidence_level, review_status, priority, version, notes) VALUES ('REQ_RABBIT_ADULT_0012', 'rabbit', 'rabbit_adult_maintenance', 'ndf', 'nutrient_requirement', 300, NULL, 450, 'g/kg feed', 'feed_12pct_moisture_total_diet', 'SRC_FEDIAF_2024', 'ndf', 'high', 'extracted_from_source', 'primary', 'rabbit_requirements_2026_1_extraction_v1', '');
INSERT INTO nutrient_requirements (id, species_id, animal_profile_id, nutrient_id, requirement_type, min_value, target_value, max_value, unit, basis, source_id, source_metric, confidence_level, review_status, priority, version, notes) VALUES ('REQ_RABBIT_ADULT_0013', 'rabbit', 'rabbit_adult_maintenance', 'ndf', 'nutrient_requirement', 30, NULL, 45, '%', 'feed_12pct_moisture_total_diet', 'SRC_FEDIAF_2024', 'ndf_percent', 'high', 'extracted_from_source', 'primary', 'rabbit_requirements_2026_1_extraction_v1', '');
INSERT INTO nutrient_requirements (id, species_id, animal_profile_id, nutrient_id, requirement_type, min_value, target_value, max_value, unit, basis, source_id, source_metric, confidence_level, review_status, priority, version, notes) VALUES ('REQ_RABBIT_ADULT_0014', 'rabbit', 'rabbit_adult_maintenance', 'adl', 'nutrient_requirement', 55, NULL, NULL, 'g/kg feed', 'feed_12pct_moisture_total_diet', 'SRC_FEDIAF_2024', 'adl', 'high', 'extracted_from_source', 'primary', 'rabbit_requirements_2026_1_extraction_v1', '');
INSERT INTO nutrient_requirements (id, species_id, animal_profile_id, nutrient_id, requirement_type, min_value, target_value, max_value, unit, basis, source_id, source_metric, confidence_level, review_status, priority, version, notes) VALUES ('REQ_RABBIT_ADULT_0015', 'rabbit', 'rabbit_adult_maintenance', 'adl', 'nutrient_requirement', 5.5, NULL, NULL, '%', 'feed_12pct_moisture_total_diet', 'SRC_FEDIAF_2024', 'adl_percent', 'high', 'extracted_from_source', 'primary', 'rabbit_requirements_2026_1_extraction_v1', '');
INSERT INTO nutrient_requirements (id, species_id, animal_profile_id, nutrient_id, requirement_type, min_value, target_value, max_value, unit, basis, source_id, source_metric, confidence_level, review_status, priority, version, notes) VALUES ('REQ_RABBIT_ADULT_0016', 'rabbit', 'rabbit_adult_maintenance', 'fibre_ratio_non_adf_to_adf', 'nutrient_requirement', NULL, NULL, 1.3, 'ratio', 'feed_12pct_moisture_total_diet', 'SRC_FEDIAF_2024', 'fibre_ratio_non_adf_to_adf', 'high', 'extracted_from_source', 'primary', 'rabbit_requirements_2026_1_extraction_v1', '');
INSERT INTO nutrient_requirements (id, species_id, animal_profile_id, nutrient_id, requirement_type, min_value, target_value, max_value, unit, basis, source_id, source_metric, confidence_level, review_status, priority, version, notes) VALUES ('REQ_RABBIT_ADULT_0017', 'rabbit', 'rabbit_adult_maintenance', 'adf_minus_adl', 'nutrient_requirement', 110, NULL, NULL, 'g/kg feed', 'feed_12pct_moisture_total_diet', 'SRC_FEDIAF_2024', 'adf_minus_adl', 'high', 'extracted_from_source', 'primary', 'rabbit_requirements_2026_1_extraction_v1', '');
INSERT INTO nutrient_requirements (id, species_id, animal_profile_id, nutrient_id, requirement_type, min_value, target_value, max_value, unit, basis, source_id, source_metric, confidence_level, review_status, priority, version, notes) VALUES ('REQ_RABBIT_ADULT_0018', 'rabbit', 'rabbit_adult_maintenance', 'crude_fibre', 'nutrient_requirement', 140, NULL, 250, 'g/kg feed', 'feed_12pct_moisture_total_diet', 'SRC_FEDIAF_2024', 'crude_fibre', 'high', 'extracted_from_source', 'primary', 'rabbit_requirements_2026_1_extraction_v1', '');
INSERT INTO nutrient_requirements (id, species_id, animal_profile_id, nutrient_id, requirement_type, min_value, target_value, max_value, unit, basis, source_id, source_metric, confidence_level, review_status, priority, version, notes) VALUES ('REQ_RABBIT_ADULT_0019', 'rabbit', 'rabbit_adult_maintenance', 'crude_fibre', 'nutrient_requirement', 14, NULL, 25, '%', 'feed_12pct_moisture_total_diet', 'SRC_FEDIAF_2024', 'crude_fibre_percent', 'high', 'extracted_from_source', 'primary', 'rabbit_requirements_2026_1_extraction_v1', '');
INSERT INTO nutrient_requirements (id, species_id, animal_profile_id, nutrient_id, requirement_type, min_value, target_value, max_value, unit, basis, source_id, source_metric, confidence_level, review_status, priority, version, notes) VALUES ('REQ_RABBIT_ADULT_0020', 'rabbit', 'rabbit_adult_maintenance', 'fat', 'nutrient_requirement', 25, NULL, 50, 'g/kg feed', 'feed_12pct_moisture_total_diet', 'SRC_FEDIAF_2024', 'fat', 'high', 'extracted_from_source', 'primary', 'rabbit_requirements_2026_1_extraction_v1', '');
INSERT INTO nutrient_requirements (id, species_id, animal_profile_id, nutrient_id, requirement_type, min_value, target_value, max_value, unit, basis, source_id, source_metric, confidence_level, review_status, priority, version, notes) VALUES ('REQ_RABBIT_ADULT_0021', 'rabbit', 'rabbit_adult_maintenance', 'fat', 'nutrient_requirement', 2.5, NULL, 5, '%', 'feed_12pct_moisture_total_diet', 'SRC_FEDIAF_2024', 'fat_percent', 'high', 'extracted_from_source', 'primary', 'rabbit_requirements_2026_1_extraction_v1', '');
INSERT INTO nutrient_requirements (id, species_id, animal_profile_id, nutrient_id, requirement_type, min_value, target_value, max_value, unit, basis, source_id, source_metric, confidence_level, review_status, priority, version, notes) VALUES ('REQ_RABBIT_ADULT_0022', 'rabbit', 'rabbit_adult_maintenance', 'calcium', 'nutrient_requirement', NULL, 5, NULL, 'g/kg feed', 'feed_12pct_moisture_total_diet', 'SRC_FEDIAF_2024', 'calcium', 'high', 'extracted_from_source', 'primary', 'rabbit_requirements_2026_1_extraction_v1', '');
INSERT INTO nutrient_requirements (id, species_id, animal_profile_id, nutrient_id, requirement_type, min_value, target_value, max_value, unit, basis, source_id, source_metric, confidence_level, review_status, priority, version, notes) VALUES ('REQ_RABBIT_ADULT_0023', 'rabbit', 'rabbit_adult_maintenance', 'calcium', 'nutrient_requirement', NULL, 0.5, NULL, '%', 'feed_12pct_moisture_total_diet', 'SRC_FEDIAF_2024', 'calcium_percent', 'high', 'extracted_from_source', 'primary', 'rabbit_requirements_2026_1_extraction_v1', '');
INSERT INTO nutrient_requirements (id, species_id, animal_profile_id, nutrient_id, requirement_type, min_value, target_value, max_value, unit, basis, source_id, source_metric, confidence_level, review_status, priority, version, notes) VALUES ('REQ_RABBIT_ADULT_0024', 'rabbit', 'rabbit_adult_maintenance', 'phosphorus', 'nutrient_requirement', NULL, 4, NULL, 'g/kg feed', 'feed_12pct_moisture_total_diet', 'SRC_FEDIAF_2024', 'phosphorus', 'high', 'extracted_from_source', 'primary', 'rabbit_requirements_2026_1_extraction_v1', '');
INSERT INTO nutrient_requirements (id, species_id, animal_profile_id, nutrient_id, requirement_type, min_value, target_value, max_value, unit, basis, source_id, source_metric, confidence_level, review_status, priority, version, notes) VALUES ('REQ_RABBIT_ADULT_0025', 'rabbit', 'rabbit_adult_maintenance', 'phosphorus', 'nutrient_requirement', NULL, 0.4, NULL, '%', 'feed_12pct_moisture_total_diet', 'SRC_FEDIAF_2024', 'phosphorus_percent', 'high', 'extracted_from_source', 'primary', 'rabbit_requirements_2026_1_extraction_v1', '');
INSERT INTO nutrient_requirements (id, species_id, animal_profile_id, nutrient_id, requirement_type, min_value, target_value, max_value, unit, basis, source_id, source_metric, confidence_level, review_status, priority, version, notes) VALUES ('REQ_RABBIT_ADULT_0026', 'rabbit', 'rabbit_adult_maintenance', 'calcium_phosphorus_ratio', 'nutrient_requirement', 1.5, NULL, 2.0, 'ratio', 'feed_12pct_moisture_total_diet', 'SRC_FEDIAF_2024', 'calcium_phosphorus_ratio', 'high', 'extracted_from_source', 'primary', 'rabbit_requirements_2026_1_extraction_v1', '');
INSERT INTO nutrient_requirements (id, species_id, animal_profile_id, nutrient_id, requirement_type, min_value, target_value, max_value, unit, basis, source_id, source_metric, confidence_level, review_status, priority, version, notes) VALUES ('REQ_RABBIT_ADULT_0027', 'rabbit', 'rabbit_adult_maintenance', 'potassium', 'nutrient_requirement', NULL, 6, NULL, 'g/kg feed', 'feed_12pct_moisture_total_diet', 'SRC_FEDIAF_2024', 'potassium', 'high', 'extracted_from_source', 'primary', 'rabbit_requirements_2026_1_extraction_v1', '');
INSERT INTO nutrient_requirements (id, species_id, animal_profile_id, nutrient_id, requirement_type, min_value, target_value, max_value, unit, basis, source_id, source_metric, confidence_level, review_status, priority, version, notes) VALUES ('REQ_RABBIT_ADULT_0028', 'rabbit', 'rabbit_adult_maintenance', 'sodium', 'nutrient_requirement', NULL, 2, NULL, 'g/kg feed', 'feed_12pct_moisture_total_diet', 'SRC_FEDIAF_2024', 'sodium', 'high', 'extracted_from_source', 'primary', 'rabbit_requirements_2026_1_extraction_v1', '');
INSERT INTO nutrient_requirements (id, species_id, animal_profile_id, nutrient_id, requirement_type, min_value, target_value, max_value, unit, basis, source_id, source_metric, confidence_level, review_status, priority, version, notes) VALUES ('REQ_RABBIT_ADULT_0029', 'rabbit', 'rabbit_adult_maintenance', 'chloride', 'nutrient_requirement', NULL, 1.7, NULL, 'g/kg feed', 'feed_12pct_moisture_total_diet', 'SRC_FEDIAF_2024', 'chloride', 'high', 'extracted_from_source', 'primary', 'rabbit_requirements_2026_1_extraction_v1', '');
INSERT INTO nutrient_requirements (id, species_id, animal_profile_id, nutrient_id, requirement_type, min_value, target_value, max_value, unit, basis, source_id, source_metric, confidence_level, review_status, priority, version, notes) VALUES ('REQ_RABBIT_ADULT_0030', 'rabbit', 'rabbit_adult_maintenance', 'magnesium', 'nutrient_requirement', 0.3, NULL, 3, 'g/kg feed', 'feed_12pct_moisture_total_diet', 'SRC_FEDIAF_2024', 'magnesium', 'high', 'extracted_from_source', 'primary', 'rabbit_requirements_2026_1_extraction_v1', '');
INSERT INTO nutrient_requirements (id, species_id, animal_profile_id, nutrient_id, requirement_type, min_value, target_value, max_value, unit, basis, source_id, source_metric, confidence_level, review_status, priority, version, notes) VALUES ('REQ_RABBIT_ADULT_0031', 'rabbit', 'rabbit_adult_maintenance', 'copper', 'nutrient_requirement', 5, NULL, 20, 'mg/kg feed', 'feed_12pct_moisture_total_diet', 'SRC_FEDIAF_2024', 'copper', 'high', 'extracted_from_source', 'primary', 'rabbit_requirements_2026_1_extraction_v1', '');
INSERT INTO nutrient_requirements (id, species_id, animal_profile_id, nutrient_id, requirement_type, min_value, target_value, max_value, unit, basis, source_id, source_metric, confidence_level, review_status, priority, version, notes) VALUES ('REQ_RABBIT_ADULT_0032', 'rabbit', 'rabbit_adult_maintenance', 'iodine', 'nutrient_requirement', 0.4, NULL, 0.5, 'mg/kg feed', 'feed_12pct_moisture_total_diet', 'SRC_FEDIAF_2024', 'iodine', 'high', 'extracted_from_source', 'primary', 'rabbit_requirements_2026_1_extraction_v1', '');
INSERT INTO nutrient_requirements (id, species_id, animal_profile_id, nutrient_id, requirement_type, min_value, target_value, max_value, unit, basis, source_id, source_metric, confidence_level, review_status, priority, version, notes) VALUES ('REQ_RABBIT_ADULT_0033', 'rabbit', 'rabbit_adult_maintenance', 'iron', 'nutrient_requirement', 30, NULL, 400, 'mg/kg feed', 'feed_12pct_moisture_total_diet', 'SRC_FEDIAF_2024', 'iron', 'high', 'extracted_from_source', 'primary', 'rabbit_requirements_2026_1_extraction_v1', '');
INSERT INTO nutrient_requirements (id, species_id, animal_profile_id, nutrient_id, requirement_type, min_value, target_value, max_value, unit, basis, source_id, source_metric, confidence_level, review_status, priority, version, notes) VALUES ('REQ_RABBIT_ADULT_0034', 'rabbit', 'rabbit_adult_maintenance', 'cobalt', 'nutrient_requirement', NULL, 0.25, NULL, 'mg/kg feed', 'feed_12pct_moisture_total_diet', 'SRC_FEDIAF_2024', 'cobalt', 'high', 'extracted_from_source', 'primary', 'rabbit_requirements_2026_1_extraction_v1', '');
INSERT INTO nutrient_requirements (id, species_id, animal_profile_id, nutrient_id, requirement_type, min_value, target_value, max_value, unit, basis, source_id, source_metric, confidence_level, review_status, priority, version, notes) VALUES ('REQ_RABBIT_ADULT_0035', 'rabbit', 'rabbit_adult_maintenance', 'manganese', 'nutrient_requirement', 8, NULL, 15, 'mg/kg feed', 'feed_12pct_moisture_total_diet', 'SRC_FEDIAF_2024', 'manganese', 'high', 'extracted_from_source', 'primary', 'rabbit_requirements_2026_1_extraction_v1', '');
INSERT INTO nutrient_requirements (id, species_id, animal_profile_id, nutrient_id, requirement_type, min_value, target_value, max_value, unit, basis, source_id, source_metric, confidence_level, review_status, priority, version, notes) VALUES ('REQ_RABBIT_ADULT_0036', 'rabbit', 'rabbit_adult_maintenance', 'selenium', 'nutrient_requirement', 0.05, NULL, 0.32, 'mg/kg feed', 'feed_12pct_moisture_total_diet', 'SRC_FEDIAF_2024', 'selenium', 'high', 'extracted_from_source', 'primary', 'rabbit_requirements_2026_1_extraction_v1', '');
INSERT INTO nutrient_requirements (id, species_id, animal_profile_id, nutrient_id, requirement_type, min_value, target_value, max_value, unit, basis, source_id, source_metric, confidence_level, review_status, priority, version, notes) VALUES ('REQ_RABBIT_ADULT_0037', 'rabbit', 'rabbit_adult_maintenance', 'zinc', 'nutrient_requirement', 50, NULL, 150, 'mg/kg feed', 'feed_12pct_moisture_total_diet', 'SRC_FEDIAF_2024', 'zinc', 'high', 'extracted_from_source', 'primary', 'rabbit_requirements_2026_1_extraction_v1', '');
INSERT INTO nutrient_requirements (id, species_id, animal_profile_id, nutrient_id, requirement_type, min_value, target_value, max_value, unit, basis, source_id, source_metric, confidence_level, review_status, priority, version, notes) VALUES ('REQ_RABBIT_ADULT_0038', 'rabbit', 'rabbit_adult_maintenance', 'vitamin_a', 'nutrient_requirement', 10000, NULL, 12000, 'IU/kg feed', 'feed_12pct_moisture_total_diet', 'SRC_FEDIAF_2024', 'vitamin_a', 'high', 'extracted_from_source', 'primary', 'rabbit_requirements_2026_1_extraction_v1', '');
INSERT INTO nutrient_requirements (id, species_id, animal_profile_id, nutrient_id, requirement_type, min_value, target_value, max_value, unit, basis, source_id, source_metric, confidence_level, review_status, priority, version, notes) VALUES ('REQ_RABBIT_ADULT_0039', 'rabbit', 'rabbit_adult_maintenance', 'vitamin_d', 'nutrient_requirement', 800, NULL, 1000, 'IU/kg feed', 'feed_12pct_moisture_total_diet', 'SRC_FEDIAF_2024', 'vitamin_d', 'high', 'extracted_from_source', 'primary', 'rabbit_requirements_2026_1_extraction_v1', '');
INSERT INTO nutrient_requirements (id, species_id, animal_profile_id, nutrient_id, requirement_type, min_value, target_value, max_value, unit, basis, source_id, source_metric, confidence_level, review_status, priority, version, notes) VALUES ('REQ_RABBIT_ADULT_0040', 'rabbit', 'rabbit_adult_maintenance', 'vitamin_e', 'nutrient_requirement', 50, NULL, 160, 'mg/kg feed', 'feed_12pct_moisture_total_diet', 'SRC_FEDIAF_2024', 'vitamin_e', 'high', 'extracted_from_source', 'primary', 'rabbit_requirements_2026_1_extraction_v1', '');
INSERT INTO nutrient_requirements (id, species_id, animal_profile_id, nutrient_id, requirement_type, min_value, target_value, max_value, unit, basis, source_id, source_metric, confidence_level, review_status, priority, version, notes) VALUES ('REQ_RABBIT_ADULT_0041', 'rabbit', 'rabbit_adult_maintenance', 'vitamin_k', 'nutrient_requirement', NULL, 1, NULL, 'mg/kg feed', 'feed_12pct_moisture_total_diet', 'SRC_FEDIAF_2024', 'vitamin_k', 'high', 'extracted_from_source', 'primary', 'rabbit_requirements_2026_1_extraction_v1', '');
INSERT INTO nutrient_requirements (id, species_id, animal_profile_id, nutrient_id, requirement_type, min_value, target_value, max_value, unit, basis, source_id, source_metric, confidence_level, review_status, priority, version, notes) VALUES ('REQ_RABBIT_ADULT_0042', 'rabbit', 'rabbit_adult_maintenance', 'calcium', 'safe_upper_limit', NULL, NULL, 10, 'g/kg feed', 'feed_12pct_moisture_total_diet', 'SRC_FEDIAF_2024', 'calcium_upper_limit', 'high', 'extracted_from_source', 'primary', 'rabbit_requirements_2026_1_extraction_v1', 'safe_upper_limit=10');
INSERT INTO nutrient_requirements (id, species_id, animal_profile_id, nutrient_id, requirement_type, min_value, target_value, max_value, unit, basis, source_id, source_metric, confidence_level, review_status, priority, version, notes) VALUES ('REQ_RABBIT_ADULT_0043', 'rabbit', 'rabbit_adult_maintenance', 'phosphorus', 'safe_upper_limit', NULL, NULL, 9, 'g/kg feed', 'feed_12pct_moisture_total_diet', 'SRC_FEDIAF_2024', 'phosphorus_upper_limit', 'high', 'extracted_from_source', 'primary', 'rabbit_requirements_2026_1_extraction_v1', 'safe_upper_limit=9');
INSERT INTO nutrient_requirements (id, species_id, animal_profile_id, nutrient_id, requirement_type, min_value, target_value, max_value, unit, basis, source_id, source_metric, confidence_level, review_status, priority, version, notes) VALUES ('REQ_RABBIT_ADULT_0044', 'rabbit', 'rabbit_adult_maintenance', 'potassium', 'safe_upper_limit', NULL, NULL, 16, 'g/kg feed', 'feed_12pct_moisture_total_diet', 'SRC_FEDIAF_2024', 'potassium_upper_limit', 'high', 'extracted_from_source', 'primary', 'rabbit_requirements_2026_1_extraction_v1', 'safe_upper_limit=16');
INSERT INTO nutrient_requirements (id, species_id, animal_profile_id, nutrient_id, requirement_type, min_value, target_value, max_value, unit, basis, source_id, source_metric, confidence_level, review_status, priority, version, notes) VALUES ('REQ_RABBIT_ADULT_0045', 'rabbit', 'rabbit_adult_maintenance', 'sodium', 'safe_upper_limit', NULL, NULL, 8, 'g/kg feed', 'feed_12pct_moisture_total_diet', 'SRC_FEDIAF_2024', 'sodium_upper_limit', 'high', 'extracted_from_source', 'primary', 'rabbit_requirements_2026_1_extraction_v1', 'safe_upper_limit=8');
INSERT INTO nutrient_requirements (id, species_id, animal_profile_id, nutrient_id, requirement_type, min_value, target_value, max_value, unit, basis, source_id, source_metric, confidence_level, review_status, priority, version, notes) VALUES ('REQ_RABBIT_ADULT_0046', 'rabbit', 'rabbit_adult_maintenance', 'chloride', 'safe_upper_limit', NULL, NULL, 4.8, 'g/kg feed', 'feed_12pct_moisture_total_diet', 'SRC_FEDIAF_2024', 'chloride_upper_limit', 'high', 'extracted_from_source', 'primary', 'rabbit_requirements_2026_1_extraction_v1', 'safe_upper_limit=4.8');
INSERT INTO nutrient_requirements (id, species_id, animal_profile_id, nutrient_id, requirement_type, min_value, target_value, max_value, unit, basis, source_id, source_metric, confidence_level, review_status, priority, version, notes) VALUES ('REQ_RABBIT_ADULT_0047', 'rabbit', 'rabbit_adult_maintenance', 'magnesium', 'safe_upper_limit', NULL, NULL, 3.4, 'g/kg feed', 'feed_12pct_moisture_total_diet', 'SRC_FEDIAF_2024', 'magnesium_upper_limit', 'high', 'extracted_from_source', 'primary', 'rabbit_requirements_2026_1_extraction_v1', 'safe_upper_limit=3.4');
INSERT INTO nutrient_requirements (id, species_id, animal_profile_id, nutrient_id, requirement_type, min_value, target_value, max_value, unit, basis, source_id, source_metric, confidence_level, review_status, priority, version, notes) VALUES ('REQ_RABBIT_ADULT_0048', 'rabbit', 'rabbit_adult_maintenance', 'copper', 'safe_upper_limit', NULL, NULL, 25, 'mg/kg feed', 'feed_12pct_moisture_total_diet', 'SRC_FEDIAF_2024', 'copper_upper_limit', 'high', 'extracted_from_source', 'primary', 'rabbit_requirements_2026_1_extraction_v1', 'safe_upper_limit=25; legal_maximum=25');
INSERT INTO nutrient_requirements (id, species_id, animal_profile_id, nutrient_id, requirement_type, min_value, target_value, max_value, unit, basis, source_id, source_metric, confidence_level, review_status, priority, version, notes) VALUES ('REQ_RABBIT_ADULT_0049', 'rabbit', 'rabbit_adult_maintenance', 'iodine', 'safe_upper_limit', NULL, NULL, 2, 'mg/kg feed', 'feed_12pct_moisture_total_diet', 'SRC_FEDIAF_2024', 'iodine_upper_limit', 'high', 'extracted_from_source', 'primary', 'rabbit_requirements_2026_1_extraction_v1', 'safe_upper_limit=2; legal_maximum=10');
INSERT INTO nutrient_requirements (id, species_id, animal_profile_id, nutrient_id, requirement_type, min_value, target_value, max_value, unit, basis, source_id, source_metric, confidence_level, review_status, priority, version, notes) VALUES ('REQ_RABBIT_ADULT_0050', 'rabbit', 'rabbit_adult_maintenance', 'iron', 'safe_upper_limit', NULL, NULL, 1250, 'mg/kg feed', 'feed_12pct_moisture_total_diet', 'SRC_FEDIAF_2024', 'iron_upper_limit', 'high', 'extracted_from_source', 'primary', 'rabbit_requirements_2026_1_extraction_v1', 'legal_maximum=1250');
INSERT INTO nutrient_requirements (id, species_id, animal_profile_id, nutrient_id, requirement_type, min_value, target_value, max_value, unit, basis, source_id, source_metric, confidence_level, review_status, priority, version, notes) VALUES ('REQ_RABBIT_ADULT_0051', 'rabbit', 'rabbit_adult_maintenance', 'cobalt', 'safe_upper_limit', NULL, NULL, 10, 'mg/kg feed', 'feed_12pct_moisture_total_diet', 'SRC_FEDIAF_2024', 'cobalt_upper_limit', 'high', 'extracted_from_source', 'primary', 'rabbit_requirements_2026_1_extraction_v1', 'legal_maximum=10');
INSERT INTO nutrient_requirements (id, species_id, animal_profile_id, nutrient_id, requirement_type, min_value, target_value, max_value, unit, basis, source_id, source_metric, confidence_level, review_status, priority, version, notes) VALUES ('REQ_RABBIT_ADULT_0052', 'rabbit', 'rabbit_adult_maintenance', 'manganese', 'safe_upper_limit', NULL, NULL, 75, 'mg/kg feed', 'feed_12pct_moisture_total_diet', 'SRC_FEDIAF_2024', 'manganese_upper_limit', 'high', 'extracted_from_source', 'primary', 'rabbit_requirements_2026_1_extraction_v1', 'safe_upper_limit=75; legal_maximum=150');
INSERT INTO nutrient_requirements (id, species_id, animal_profile_id, nutrient_id, requirement_type, min_value, target_value, max_value, unit, basis, source_id, source_metric, confidence_level, review_status, priority, version, notes) VALUES ('REQ_RABBIT_ADULT_0053', 'rabbit', 'rabbit_adult_maintenance', 'selenium', 'safe_upper_limit', NULL, NULL, 0.35, 'mg/kg feed', 'feed_12pct_moisture_total_diet', 'SRC_FEDIAF_2024', 'selenium_upper_limit', 'high', 'extracted_from_source', 'primary', 'rabbit_requirements_2026_1_extraction_v1', 'safe_upper_limit=0.35; legal_maximum=0.5');
INSERT INTO nutrient_requirements (id, species_id, animal_profile_id, nutrient_id, requirement_type, min_value, target_value, max_value, unit, basis, source_id, source_metric, confidence_level, review_status, priority, version, notes) VALUES ('REQ_RABBIT_ADULT_0054', 'rabbit', 'rabbit_adult_maintenance', 'zinc', 'safe_upper_limit', NULL, NULL, 150, 'mg/kg feed', 'feed_12pct_moisture_total_diet', 'SRC_FEDIAF_2024', 'zinc_upper_limit', 'high', 'extracted_from_source', 'primary', 'rabbit_requirements_2026_1_extraction_v1', 'legal_maximum=150');
INSERT INTO nutrient_requirements (id, species_id, animal_profile_id, nutrient_id, requirement_type, min_value, target_value, max_value, unit, basis, source_id, source_metric, confidence_level, review_status, priority, version, notes) VALUES ('REQ_RABBIT_ADULT_0055', 'rabbit', 'rabbit_adult_maintenance', 'vitamin_d', 'safe_upper_limit', NULL, NULL, 2000, 'IU/kg feed', 'feed_12pct_moisture_total_diet', 'SRC_FEDIAF_2024', 'vitamin_d_upper_limit', 'high', 'extracted_from_source', 'primary', 'rabbit_requirements_2026_1_extraction_v1', 'safe_upper_limit=2000; legal_maximum=2000');
INSERT INTO nutrient_requirements (id, species_id, animal_profile_id, nutrient_id, requirement_type, min_value, target_value, max_value, unit, basis, source_id, source_metric, confidence_level, review_status, priority, version, notes) VALUES ('REQ_RABBIT_ADULT_0056', 'rabbit', 'rabbit_adult_maintenance', 'digestible_energy', 'nutrient_requirement', 9, NULL, 10.5, 'MJ/kg feed', 'typical_mixed_feed', 'SRC_FEDIAF_2024', 'digestible_energy_density', 'high', 'extracted_from_source', 'primary', 'rabbit_requirements_2026_1_extraction_v1', '');
INSERT INTO nutrient_requirements (id, species_id, animal_profile_id, nutrient_id, requirement_type, min_value, target_value, max_value, unit, basis, source_id, source_metric, confidence_level, review_status, priority, version, notes) VALUES ('REQ_RABBIT_ADULT_0057', 'rabbit', 'rabbit_adult_maintenance', 'digestible_energy', 'nutrient_requirement', NULL, 105, NULL, 'kcal DE x BW_kg^0.75 / day', 'adult_maintenance', 'SRC_FEDIAF_2024', 'adult_maintenance_de', 'high', 'extracted_from_source', 'primary', 'rabbit_requirements_2026_1_extraction_v1', '');
INSERT INTO nutrient_requirements (id, species_id, animal_profile_id, nutrient_id, requirement_type, min_value, target_value, max_value, unit, basis, source_id, source_metric, confidence_level, review_status, priority, version, notes) VALUES ('REQ_RABBIT_ADULT_0058', 'rabbit', 'rabbit_adult_maintenance', 'digestible_energy', 'nutrient_requirement', NULL, 0.44, NULL, 'MJ DE x BW_kg^0.75 / day', 'adult_maintenance', 'SRC_FEDIAF_2024', 'adult_maintenance_de_mj', 'high', 'extracted_from_source', 'primary', 'rabbit_requirements_2026_1_extraction_v1', '');
INSERT INTO nutrient_requirements (id, species_id, animal_profile_id, nutrient_id, requirement_type, min_value, target_value, max_value, unit, basis, source_id, source_metric, confidence_level, review_status, priority, version, notes) VALUES ('REQ_RABBIT_ADULT_0059', 'rabbit', 'rabbit_adult_maintenance', 'metabolizable_energy', 'nutrient_requirement', NULL, 100, NULL, 'kcal ME x BW_kg^0.75 / day', 'adult_maintenance', 'SRC_FEDIAF_2024', 'adult_maintenance_me', 'high', 'extracted_from_source', 'primary', 'rabbit_requirements_2026_1_extraction_v1', '');
INSERT INTO nutrient_requirements (id, species_id, animal_profile_id, nutrient_id, requirement_type, min_value, target_value, max_value, unit, basis, source_id, source_metric, confidence_level, review_status, priority, version, notes) VALUES ('REQ_RABBIT_ADULT_0060', 'rabbit', 'rabbit_adult_maintenance', 'metabolizable_energy', 'nutrient_requirement', NULL, 0.42, NULL, 'MJ ME x BW_kg^0.75 / day', 'adult_maintenance', 'SRC_FEDIAF_2024', 'adult_maintenance_me_mj', 'high', 'extracted_from_source', 'primary', 'rabbit_requirements_2026_1_extraction_v1', '');
INSERT INTO nutrient_requirements (id, species_id, animal_profile_id, nutrient_id, requirement_type, min_value, target_value, max_value, unit, basis, source_id, source_metric, confidence_level, review_status, priority, version, notes) VALUES ('REQ_RABBIT_ADULT_0061', 'rabbit', 'rabbit_adult_maintenance', 'dry_matter_intake', 'nutrient_requirement', 3, NULL, 5, '% bodyweight/day', 'adult_pet_rabbit', 'SRC_FEDIAF_2024', 'daily_dry_matter_intake', 'high', 'extracted_from_source', 'primary', 'rabbit_requirements_2026_1_extraction_v1', '');
INSERT INTO nutrient_requirements (id, species_id, animal_profile_id, nutrient_id, requirement_type, min_value, target_value, max_value, unit, basis, source_id, source_metric, confidence_level, review_status, priority, version, notes) VALUES ('REQ_RABBIT_ADULT_0062', 'rabbit', 'rabbit_adult_maintenance', 'dry_matter_intake', 'observed_intake', NULL, NULL, 8, '% bodyweight/day', 'high_forage_based_diet', 'SRC_FEDIAF_2024', 'daily_dry_matter_intake_high_forage_observed', 'high', 'extracted_from_source', 'primary', 'rabbit_requirements_2026_1_extraction_v1', '');
INSERT INTO nutrient_requirements (id, species_id, animal_profile_id, nutrient_id, requirement_type, min_value, target_value, max_value, unit, basis, source_id, source_metric, confidence_level, review_status, priority, version, notes) VALUES ('REQ_RABBIT_ADULT_0063', 'rabbit', 'rabbit_adult_maintenance', 'hay_fraction', 'practical_ration', 0.3, NULL, 0.66, 'fraction_of_dry_matter_intake', 'good_quality_hay_or_grass_available', 'SRC_FEDIAF_2024', 'hay_fraction_of_dry_matter_intake', 'high', 'extracted_from_source', 'primary', 'rabbit_requirements_2026_1_extraction_v1', '');
INSERT INTO nutrient_requirements (id, species_id, animal_profile_id, nutrient_id, requirement_type, min_value, target_value, max_value, unit, basis, source_id, source_metric, confidence_level, review_status, priority, version, notes) VALUES ('REQ_RABBIT_ADULT_0064', 'rabbit', 'rabbit_adult_maintenance', 'water_intake', 'water_requirement', 100, NULL, 150, 'ml/kg bodyweight/day', 'adult_pet_rabbit', 'SRC_FEDIAF_2024', 'water_intake', 'high', 'extracted_from_source', 'primary', 'rabbit_requirements_2026_1_extraction_v1', '');
INSERT INTO nutrient_requirements (id, species_id, animal_profile_id, nutrient_id, requirement_type, min_value, target_value, max_value, unit, basis, source_id, source_metric, confidence_level, review_status, priority, version, notes) VALUES ('REQ_RABBIT_ADULT_0065', 'rabbit', 'rabbit_adult_maintenance', 'crude_protein', 'nutrient_requirement', NULL, 12, NULL, '%', 'maintenance_diet', 'SRC_MERCK_2024', 'total_protein', 'high', 'extracted_from_source', 'secondary', 'rabbit_requirements_2026_1_extraction_v1', '');
INSERT INTO nutrient_requirements (id, species_id, animal_profile_id, nutrient_id, requirement_type, min_value, target_value, max_value, unit, basis, source_id, source_metric, confidence_level, review_status, priority, version, notes) VALUES ('REQ_RABBIT_ADULT_0066', 'rabbit', 'rabbit_adult_maintenance', 'digestible_protein', 'nutrient_requirement', NULL, 9, NULL, '%', 'maintenance_diet', 'SRC_MERCK_2024', 'digestible_protein', 'high', 'extracted_from_source', 'secondary', 'rabbit_requirements_2026_1_extraction_v1', '');
INSERT INTO nutrient_requirements (id, species_id, animal_profile_id, nutrient_id, requirement_type, min_value, target_value, max_value, unit, basis, source_id, source_metric, confidence_level, review_status, priority, version, notes) VALUES ('REQ_RABBIT_ADULT_0067', 'rabbit', 'rabbit_adult_maintenance', 'fat', 'nutrient_requirement', 1.5, NULL, 2, '%', 'maintenance_diet', 'SRC_MERCK_2024', 'fat', 'high', 'extracted_from_source', 'secondary', 'rabbit_requirements_2026_1_extraction_v1', '');
INSERT INTO nutrient_requirements (id, species_id, animal_profile_id, nutrient_id, requirement_type, min_value, target_value, max_value, unit, basis, source_id, source_metric, confidence_level, review_status, priority, version, notes) VALUES ('REQ_RABBIT_ADULT_0068', 'rabbit', 'rabbit_adult_maintenance', 'crude_fibre', 'nutrient_requirement', 14, NULL, 20, '%', 'maintenance_diet', 'SRC_MERCK_2024', 'fibre', 'high', 'extracted_from_source', 'secondary', 'rabbit_requirements_2026_1_extraction_v1', '');
INSERT INTO nutrient_requirements (id, species_id, animal_profile_id, nutrient_id, requirement_type, min_value, target_value, max_value, unit, basis, source_id, source_metric, confidence_level, review_status, priority, version, notes) VALUES ('REQ_RABBIT_ADULT_0069', 'rabbit', 'rabbit_adult_maintenance', 'digestible_carbohydrate_nfe', 'nutrient_requirement', 40, NULL, 45, '%', 'maintenance_diet', 'SRC_MERCK_2024', 'digestible_carbohydrate_nfe', 'high', 'extracted_from_source', 'secondary', 'rabbit_requirements_2026_1_extraction_v1', '');
INSERT INTO nutrient_requirements (id, species_id, animal_profile_id, nutrient_id, requirement_type, min_value, target_value, max_value, unit, basis, source_id, source_metric, confidence_level, review_status, priority, version, notes) VALUES ('REQ_RABBIT_ADULT_0070', 'rabbit', 'rabbit_adult_maintenance', 'total_digestible_nutrient', 'nutrient_requirement', 50, NULL, 60, '%', 'maintenance_diet', 'SRC_MERCK_2024', 'total_digestible_nutrient', 'high', 'extracted_from_source', 'secondary', 'rabbit_requirements_2026_1_extraction_v1', '');
INSERT INTO nutrient_requirements (id, species_id, animal_profile_id, nutrient_id, requirement_type, min_value, target_value, max_value, unit, basis, source_id, source_metric, confidence_level, review_status, priority, version, notes) VALUES ('REQ_RABBIT_ADULT_0071', 'rabbit', 'rabbit_adult_maintenance', 'calcium', 'nutrient_requirement', 0.4, NULL, 0.5, '% of diet', 'nonlactating_rabbit', 'SRC_MERCK_2024', 'calcium_nonlactating', 'high', 'extracted_from_source', 'secondary', 'rabbit_requirements_2026_1_extraction_v1', '');
INSERT INTO nutrient_requirements (id, species_id, animal_profile_id, nutrient_id, requirement_type, min_value, target_value, max_value, unit, basis, source_id, source_metric, confidence_level, review_status, priority, version, notes) VALUES ('REQ_RABBIT_ADULT_0072', 'rabbit', 'rabbit_adult_maintenance', 'vitamin_a', 'nutrient_requirement', 5000, NULL, 75000, 'IU/kg diet', 'diet', 'SRC_MERCK_2024', 'vitamin_a', 'high', 'extracted_from_source', 'secondary', 'rabbit_requirements_2026_1_extraction_v1', '');
INSERT INTO nutrient_requirements (id, species_id, animal_profile_id, nutrient_id, requirement_type, min_value, target_value, max_value, unit, basis, source_id, source_metric, confidence_level, review_status, priority, version, notes) VALUES ('REQ_RABBIT_ADULT_0073', 'rabbit', 'rabbit_adult_maintenance', 'water_intake', 'water_requirement', NULL, 120, NULL, 'ml/kg bodyweight/day', 'maintenance', 'SRC_MERCK_2024', 'water_intake', 'high', 'extracted_from_source', 'secondary', 'rabbit_requirements_2026_1_extraction_v1', '');
INSERT INTO nutrient_requirements (id, species_id, animal_profile_id, nutrient_id, requirement_type, min_value, target_value, max_value, unit, basis, source_id, source_metric, confidence_level, review_status, priority, version, notes) VALUES ('REQ_RABBIT_ADULT_0074', 'rabbit', 'rabbit_adult_maintenance', 'water_intake', 'clinical_support', NULL, 240, NULL, 'ml/kg bodyweight/day', 'clinical_dehydration', 'SRC_MERCK_2024', 'dehydration_fluid_support', 'high', 'extracted_from_source', 'clinical', 'rabbit_requirements_2026_1_extraction_v1', '');
INSERT INTO nutrient_requirements (id, species_id, animal_profile_id, nutrient_id, requirement_type, min_value, target_value, max_value, unit, basis, source_id, source_metric, confidence_level, review_status, priority, version, notes) VALUES ('REQ_RABBIT_ADULT_0075', 'rabbit', 'rabbit_adult_maintenance', 'water_intake', 'clinical_support', NULL, 10, NULL, 'ml/kg/hour', 'clinical_dehydration', 'SRC_MERCK_2024', 'dehydration_fluid_support_hourly', 'high', 'extracted_from_source', 'clinical', 'rabbit_requirements_2026_1_extraction_v1', '');
INSERT INTO nutrient_requirements (id, species_id, animal_profile_id, nutrient_id, requirement_type, min_value, target_value, max_value, unit, basis, source_id, source_metric, confidence_level, review_status, priority, version, notes) VALUES ('REQ_RABBIT_ADULT_0076', 'rabbit', 'rabbit_adult_maintenance', 'pellets', 'practical_ration', NULL, 0.25, NULL, 'cup/5 lb bodyweight/day', 'adult_nonbreeding_rabbit', 'SRC_MERCK_2024', 'pellets_adult_nonbreeding', 'high', 'extracted_from_source', 'secondary', 'rabbit_requirements_2026_1_extraction_v1', '');
INSERT INTO nutrient_requirements (id, species_id, animal_profile_id, nutrient_id, requirement_type, min_value, target_value, max_value, unit, basis, source_id, source_metric, confidence_level, review_status, priority, version, notes) VALUES ('REQ_RABBIT_ADULT_0077', 'rabbit', 'rabbit_adult_maintenance', 'crude_fibre', 'practical_threshold', NULL, 15, NULL, '%', 'intestinal_motility_practical_value', 'SRC_MERCK_2024', 'fibre_for_motility', 'high', 'extracted_from_source', 'secondary', 'rabbit_requirements_2026_1_extraction_v1', '');
INSERT INTO nutrient_requirements (id, species_id, animal_profile_id, nutrient_id, requirement_type, min_value, target_value, max_value, unit, basis, source_id, source_metric, confidence_level, review_status, priority, version, notes) VALUES ('REQ_RABBIT_ADULT_0078', 'rabbit', 'rabbit_adult_maintenance', 'crude_fibre', 'ingredient_context', NULL, 30, 35, '%', 'timothy_hay_typical', 'SRC_MERCK_2024', 'timothy_hay_fibre', 'high', 'extracted_from_source', 'ingredient_context', 'rabbit_requirements_2026_1_extraction_v1', '');
INSERT INTO nutrient_requirements (id, species_id, animal_profile_id, nutrient_id, requirement_type, min_value, target_value, max_value, unit, basis, source_id, source_metric, confidence_level, review_status, priority, version, notes) VALUES ('REQ_RABBIT_ADULT_0079', 'rabbit', 'rabbit_adult_maintenance', 'crude_fibre', 'practical_threshold', NULL, 20, NULL, '%', 'pet_rabbit_recommended_diet', 'SRC_MERCK_2024', 'crude_fibre_recommended_pet', 'high', 'extracted_from_source', 'secondary', 'rabbit_requirements_2026_1_extraction_v1', '');
INSERT INTO nutrient_requirements (id, species_id, animal_profile_id, nutrient_id, requirement_type, min_value, target_value, max_value, unit, basis, source_id, source_metric, confidence_level, review_status, priority, version, notes) VALUES ('REQ_RABBIT_ADULT_0080', 'rabbit', 'rabbit_adult_maintenance', 'crude_fibre', 'practical_threshold', NULL, 12.5, NULL, '% indigestible fibre', 'pet_rabbit_recommended_diet', 'SRC_MERCK_2024', 'indigestible_fibre_recommended_pet', 'high', 'extracted_from_source', 'secondary', 'rabbit_requirements_2026_1_extraction_v1', '');
INSERT INTO nutrient_requirements (id, species_id, animal_profile_id, nutrient_id, requirement_type, min_value, target_value, max_value, unit, basis, source_id, source_metric, confidence_level, review_status, priority, version, notes) VALUES ('REQ_RABBIT_ADULT_0081', 'rabbit', 'rabbit_adult_maintenance', 'crude_fibre', 'ingredient_context', NULL, 30, NULL, '% fibre', 'good_quality_grass_hay', 'SRC_CHUV_2025', 'hay_fibre_content', 'high', 'extracted_from_source', 'secondary', 'rabbit_requirements_2026_1_extraction_v1', '');
INSERT INTO nutrient_requirements (id, species_id, animal_profile_id, nutrient_id, requirement_type, min_value, target_value, max_value, unit, basis, source_id, source_metric, confidence_level, review_status, priority, version, notes) VALUES ('REQ_RABBIT_ADULT_0082', 'rabbit', 'rabbit_adult_maintenance', 'pellets', 'practical_ration', NULL, NULL, 1, 'tablespoon/kg bodyweight/day', 'adult_rabbit', 'SRC_CHUV_2025', 'pellet_daily_amount', 'high', 'extracted_from_source', 'secondary', 'rabbit_requirements_2026_1_extraction_v1', '');
INSERT INTO nutrient_requirements (id, species_id, animal_profile_id, nutrient_id, requirement_type, min_value, target_value, max_value, unit, basis, source_id, source_metric, confidence_level, review_status, priority, version, notes) VALUES ('REQ_RABBIT_ADULT_0083', 'rabbit', 'rabbit_adult_maintenance', 'crude_fibre', 'product_threshold', 18, NULL, NULL, '%', 'commercial_uniform_pellet', 'SRC_CHUV_2025', 'pellet_fibre', 'high', 'extracted_from_source', 'secondary', 'rabbit_requirements_2026_1_extraction_v1', '');
INSERT INTO nutrient_requirements (id, species_id, animal_profile_id, nutrient_id, requirement_type, min_value, target_value, max_value, unit, basis, source_id, source_metric, confidence_level, review_status, priority, version, notes) VALUES ('REQ_RABBIT_ADULT_0084', 'rabbit', 'rabbit_adult_maintenance', 'crude_protein', 'product_threshold', NULL, NULL, 16, '%', 'commercial_uniform_pellet', 'SRC_CHUV_2025', 'pellet_protein', 'high', 'extracted_from_source', 'secondary', 'rabbit_requirements_2026_1_extraction_v1', '');
INSERT INTO nutrient_requirements (id, species_id, animal_profile_id, nutrient_id, requirement_type, min_value, target_value, max_value, unit, basis, source_id, source_metric, confidence_level, review_status, priority, version, notes) VALUES ('REQ_RABBIT_ADULT_0085', 'rabbit', 'rabbit_adult_maintenance', 'fat', 'product_threshold', NULL, NULL, 2.5, '%', 'commercial_uniform_pellet', 'SRC_CHUV_2025', 'pellet_fat', 'high', 'extracted_from_source', 'secondary', 'rabbit_requirements_2026_1_extraction_v1', '');
INSERT INTO nutrient_requirements (id, species_id, animal_profile_id, nutrient_id, requirement_type, min_value, target_value, max_value, unit, basis, source_id, source_metric, confidence_level, review_status, priority, version, notes) VALUES ('REQ_RABBIT_ADULT_0086', 'rabbit', 'rabbit_adult_maintenance', 'calcium', 'product_threshold', NULL, NULL, 1, '%', 'commercial_uniform_pellet', 'SRC_CHUV_2025', 'pellet_calcium', 'high', 'extracted_from_source', 'secondary', 'rabbit_requirements_2026_1_extraction_v1', '');
INSERT INTO nutrient_requirements (id, species_id, animal_profile_id, nutrient_id, requirement_type, min_value, target_value, max_value, unit, basis, source_id, source_metric, confidence_level, review_status, priority, version, notes) VALUES ('REQ_RABBIT_ADULT_0087', 'rabbit', 'rabbit_adult_maintenance', 'fresh_greens', 'practical_ration', NULL, 1, NULL, 'cup/kg bodyweight/day', 'adult_rabbit', 'SRC_CHUV_2025', 'fresh_greens', 'high', 'extracted_from_source', 'secondary', 'rabbit_requirements_2026_1_extraction_v1', '');
INSERT INTO nutrient_requirements (id, species_id, animal_profile_id, nutrient_id, requirement_type, min_value, target_value, max_value, unit, basis, source_id, source_metric, confidence_level, review_status, priority, version, notes) VALUES ('REQ_RABBIT_ADULT_0088', 'rabbit', 'rabbit_adult_maintenance', 'fresh_greens', 'practical_ration', 2, NULL, 5, 'different greens/day', 'adult_rabbit', 'SRC_CHUV_2025', 'daily_greens_variety', 'high', 'extracted_from_source', 'secondary', 'rabbit_requirements_2026_1_extraction_v1', '');
INSERT INTO nutrient_requirements (id, species_id, animal_profile_id, nutrient_id, requirement_type, min_value, target_value, max_value, unit, basis, source_id, source_metric, confidence_level, review_status, priority, version, notes) VALUES ('REQ_RABBIT_ADULT_0089', 'rabbit', 'rabbit_adult_maintenance', 'water_intake', 'water_requirement', 100, NULL, 150, 'ml/kg bodyweight/day', 'adult_rabbit', 'SRC_CHUV_2025', 'water_intake', 'high', 'extracted_from_source', 'secondary', 'rabbit_requirements_2026_1_extraction_v1', '');
INSERT INTO nutrient_requirements (id, species_id, animal_profile_id, nutrient_id, requirement_type, min_value, target_value, max_value, unit, basis, source_id, source_metric, confidence_level, review_status, priority, version, notes) VALUES ('REQ_RABBIT_ADULT_0090', 'rabbit', 'rabbit_adult_maintenance', 'fruit_treat', 'treat_limit', NULL, NULL, 1, 'teaspoon/2.5 kg bodyweight', 'occasional_treat', 'SRC_CHUV_2025', 'fruit_treat_amount', 'high', 'extracted_from_source', 'secondary', 'rabbit_requirements_2026_1_extraction_v1', '');
INSERT INTO nutrient_requirements (id, species_id, animal_profile_id, nutrient_id, requirement_type, min_value, target_value, max_value, unit, basis, source_id, source_metric, confidence_level, review_status, priority, version, notes) VALUES ('REQ_RABBIT_ADULT_0091', 'rabbit', 'rabbit_adult_maintenance', 'fruit_treat', 'treat_limit', NULL, NULL, 2, 'times/week', 'occasional_treat', 'SRC_CHUV_2025', 'fruit_treat_frequency', 'high', 'extracted_from_source', 'secondary', 'rabbit_requirements_2026_1_extraction_v1', '');
INSERT INTO nutrient_requirements (id, species_id, animal_profile_id, nutrient_id, requirement_type, min_value, target_value, max_value, unit, basis, source_id, source_metric, confidence_level, review_status, priority, version, notes) VALUES ('REQ_RABBIT_ADULT_0092', 'rabbit', 'rabbit_adult_maintenance', 'hay_fraction', 'practical_ration', 80, NULL, 90, '% of diet', 'high_quality_grass_hay', 'SRC_NCSU_UNDATED', 'hay_diet_fraction_summary', 'high', 'extracted_from_source', 'secondary', 'rabbit_requirements_2026_1_extraction_v1', '');
INSERT INTO nutrient_requirements (id, species_id, animal_profile_id, nutrient_id, requirement_type, min_value, target_value, max_value, unit, basis, source_id, source_metric, confidence_level, review_status, priority, version, notes) VALUES ('REQ_RABBIT_ADULT_0093', 'rabbit', 'rabbit_adult_maintenance', 'hay_fraction', 'practical_ration', 75, NULL, 80, '% of diet', 'fresh_grass_hay', 'SRC_NCSU_UNDATED', 'hay_diet_fraction_detailed', 'high', 'extracted_from_source', 'secondary', 'rabbit_requirements_2026_1_extraction_v1', '');
INSERT INTO nutrient_requirements (id, species_id, animal_profile_id, nutrient_id, requirement_type, min_value, target_value, max_value, unit, basis, source_id, source_metric, confidence_level, review_status, priority, version, notes) VALUES ('REQ_RABBIT_ADULT_0094', 'rabbit', 'rabbit_adult_maintenance', 'pellets', 'practical_ration', NULL, 0.25, NULL, 'cup/5 lb bodyweight/day', 'adult_rabbit', 'SRC_NCSU_UNDATED', 'pellet_daily_amount', 'high', 'extracted_from_source', 'secondary', 'rabbit_requirements_2026_1_extraction_v1', '');
INSERT INTO nutrient_requirements (id, species_id, animal_profile_id, nutrient_id, requirement_type, min_value, target_value, max_value, unit, basis, source_id, source_metric, confidence_level, review_status, priority, version, notes) VALUES ('REQ_RABBIT_ADULT_0095', 'rabbit', 'rabbit_adult_maintenance', 'fresh_greens', 'practical_ration', NULL, 0.5, NULL, 'cup/2 lb bodyweight/day', 'adult_rabbit', 'SRC_NCSU_UNDATED', 'greens_daily_amount', 'high', 'extracted_from_source', 'secondary', 'rabbit_requirements_2026_1_extraction_v1', '');
INSERT INTO nutrient_requirements (id, species_id, animal_profile_id, nutrient_id, requirement_type, min_value, target_value, max_value, unit, basis, source_id, source_metric, confidence_level, review_status, priority, version, notes) VALUES ('REQ_RABBIT_ADULT_0096', 'rabbit', 'rabbit_adult_maintenance', 'fruit_treat', 'treat_limit', NULL, 0.5, NULL, 'inch_piece', 'few_times_per_week', 'SRC_NCSU_UNDATED', 'treat_fruit_carrot_piece', 'high', 'extracted_from_source', 'secondary', 'rabbit_requirements_2026_1_extraction_v1', '');
INSERT INTO nutrient_requirements (id, species_id, animal_profile_id, nutrient_id, requirement_type, min_value, target_value, max_value, unit, basis, source_id, source_metric, confidence_level, review_status, priority, version, notes) VALUES ('REQ_RABBIT_ADULT_0097', 'rabbit', 'rabbit_adult_maintenance', 'water_intake', 'water_availability', NULL, 24, NULL, 'hours/day', 'bowl_or_bottle', 'SRC_NCSU_UNDATED', 'water_availability', 'high', 'extracted_from_source', 'secondary', 'rabbit_requirements_2026_1_extraction_v1', '');
INSERT INTO ingredient_compositions (id, ingredient_id, ingredient_name_fr, ingredient_name_en, nutrient_id, avg_value, sd, min_value, max_value, unit, basis, source_id, use_in_db, notes) VALUES ('INGCOMP_ALFALFA_0001', 'alfalfa_hay', 'Foin de luzerne', 'Alfalfa hay', 'dry_matter', 89.4, 2.9, 76.1, 94.8, '%', 'as_fed', 'SRC_FEEDIPEDIA_ALFALFA', 'ingredient_composition_not_requirement', '');
INSERT INTO ingredient_compositions (id, ingredient_id, ingredient_name_fr, ingredient_name_en, nutrient_id, avg_value, sd, min_value, max_value, unit, basis, source_id, use_in_db, notes) VALUES ('INGCOMP_ALFALFA_0002', 'alfalfa_hay', 'Foin de luzerne', 'Alfalfa hay', 'crude_protein', 18.2, 2.6, 11.3, 25.3, '%', 'dry_matter', 'SRC_FEEDIPEDIA_ALFALFA', 'ingredient_composition_not_requirement', '');
INSERT INTO ingredient_compositions (id, ingredient_id, ingredient_name_fr, ingredient_name_en, nutrient_id, avg_value, sd, min_value, max_value, unit, basis, source_id, use_in_db, notes) VALUES ('INGCOMP_ALFALFA_0003', 'alfalfa_hay', 'Foin de luzerne', 'Alfalfa hay', 'crude_fibre', 28.9, 3.8, 19.4, 38.2, '%', 'dry_matter', 'SRC_FEEDIPEDIA_ALFALFA', 'ingredient_composition_not_requirement', '');
INSERT INTO ingredient_compositions (id, ingredient_id, ingredient_name_fr, ingredient_name_en, nutrient_id, avg_value, sd, min_value, max_value, unit, basis, source_id, use_in_db, notes) VALUES ('INGCOMP_ALFALFA_0004', 'alfalfa_hay', 'Foin de luzerne', 'Alfalfa hay', 'ndf', 44.8, 5.7, 31.3, 59.4, '%', 'dry_matter', 'SRC_FEEDIPEDIA_ALFALFA', 'ingredient_composition_not_requirement', '');
INSERT INTO ingredient_compositions (id, ingredient_id, ingredient_name_fr, ingredient_name_en, nutrient_id, avg_value, sd, min_value, max_value, unit, basis, source_id, use_in_db, notes) VALUES ('INGCOMP_ALFALFA_0005', 'alfalfa_hay', 'Foin de luzerne', 'Alfalfa hay', 'adf', 33.4, 4.3, 22.5, 44.5, '%', 'dry_matter', 'SRC_FEEDIPEDIA_ALFALFA', 'ingredient_composition_not_requirement', '');
INSERT INTO ingredient_compositions (id, ingredient_id, ingredient_name_fr, ingredient_name_en, nutrient_id, avg_value, sd, min_value, max_value, unit, basis, source_id, use_in_db, notes) VALUES ('INGCOMP_ALFALFA_0006', 'alfalfa_hay', 'Foin de luzerne', 'Alfalfa hay', 'adl', 7.6, 1.3, 4.8, 11.1, '%', 'dry_matter', 'SRC_FEEDIPEDIA_ALFALFA', 'ingredient_composition_not_requirement', 'Stored as lignin/ADL equivalent according to extraction source label.');
INSERT INTO ingredient_compositions (id, ingredient_id, ingredient_name_fr, ingredient_name_en, nutrient_id, avg_value, sd, min_value, max_value, unit, basis, source_id, use_in_db, notes) VALUES ('INGCOMP_ALFALFA_0007', 'alfalfa_hay', 'Foin de luzerne', 'Alfalfa hay', 'ether_extract', 2.1, 0.4, 1.2, 3.2, '%', 'dry_matter', 'SRC_FEEDIPEDIA_ALFALFA', 'ingredient_composition_not_requirement', '');
INSERT INTO ingredient_compositions (id, ingredient_id, ingredient_name_fr, ingredient_name_en, nutrient_id, avg_value, sd, min_value, max_value, unit, basis, source_id, use_in_db, notes) VALUES ('INGCOMP_ALFALFA_0008', 'alfalfa_hay', 'Foin de luzerne', 'Alfalfa hay', 'ash', 10.7, 1.6, 7.2, 16.0, '%', 'dry_matter', 'SRC_FEEDIPEDIA_ALFALFA', 'ingredient_composition_not_requirement', '');
INSERT INTO ingredient_compositions (id, ingredient_id, ingredient_name_fr, ingredient_name_en, nutrient_id, avg_value, sd, min_value, max_value, unit, basis, source_id, use_in_db, notes) VALUES ('INGCOMP_ALFALFA_0009', 'alfalfa_hay', 'Foin de luzerne', 'Alfalfa hay', 'gross_energy', 18.2, 0.4, 17.2, 18.8, 'MJ/kg', 'dry_matter', 'SRC_FEEDIPEDIA_ALFALFA', 'ingredient_composition_not_requirement', '');
INSERT INTO ingredient_compositions (id, ingredient_id, ingredient_name_fr, ingredient_name_en, nutrient_id, avg_value, sd, min_value, max_value, unit, basis, source_id, use_in_db, notes) VALUES ('INGCOMP_ALFALFA_0010', 'alfalfa_hay', 'Foin de luzerne', 'Alfalfa hay', 'calcium', 16.8, 3.3, 8.4, 24.5, 'g/kg', 'dry_matter', 'SRC_FEEDIPEDIA_ALFALFA', 'ingredient_composition_not_requirement', '');
INSERT INTO ingredient_compositions (id, ingredient_id, ingredient_name_fr, ingredient_name_en, nutrient_id, avg_value, sd, min_value, max_value, unit, basis, source_id, use_in_db, notes) VALUES ('INGCOMP_ALFALFA_0011', 'alfalfa_hay', 'Foin de luzerne', 'Alfalfa hay', 'phosphorus', 2.6, 0.5, 1.6, 4.0, 'g/kg', 'dry_matter', 'SRC_FEEDIPEDIA_ALFALFA', 'ingredient_composition_not_requirement', '');
INSERT INTO ingredient_compositions (id, ingredient_id, ingredient_name_fr, ingredient_name_en, nutrient_id, avg_value, sd, min_value, max_value, unit, basis, source_id, use_in_db, notes) VALUES ('INGCOMP_ALFALFA_0012', 'alfalfa_hay', 'Foin de luzerne', 'Alfalfa hay', 'potassium', 24.6, 6.0, 13.2, 36.3, 'g/kg', 'dry_matter', 'SRC_FEEDIPEDIA_ALFALFA', 'ingredient_composition_not_requirement', '');
INSERT INTO ingredient_compositions (id, ingredient_id, ingredient_name_fr, ingredient_name_en, nutrient_id, avg_value, sd, min_value, max_value, unit, basis, source_id, use_in_db, notes) VALUES ('INGCOMP_ALFALFA_0013', 'alfalfa_hay', 'Foin de luzerne', 'Alfalfa hay', 'sodium', 0.3, 0.3, 0.1, 0.7, 'g/kg', 'dry_matter', 'SRC_FEEDIPEDIA_ALFALFA', 'ingredient_composition_not_requirement', '');
INSERT INTO ingredient_compositions (id, ingredient_id, ingredient_name_fr, ingredient_name_en, nutrient_id, avg_value, sd, min_value, max_value, unit, basis, source_id, use_in_db, notes) VALUES ('INGCOMP_ALFALFA_0014', 'alfalfa_hay', 'Foin de luzerne', 'Alfalfa hay', 'magnesium', 2.3, 0.5, 1.4, 3.6, 'g/kg', 'dry_matter', 'SRC_FEEDIPEDIA_ALFALFA', 'ingredient_composition_not_requirement', '');
INSERT INTO ingredient_compositions (id, ingredient_id, ingredient_name_fr, ingredient_name_en, nutrient_id, avg_value, sd, min_value, max_value, unit, basis, source_id, use_in_db, notes) VALUES ('INGCOMP_ALFALFA_0015', 'alfalfa_hay', 'Foin de luzerne', 'Alfalfa hay', 'zinc', 27, 4, 20, 30, 'mg/kg', 'dry_matter', 'SRC_FEEDIPEDIA_ALFALFA', 'ingredient_composition_not_requirement', '');
INSERT INTO ingredient_compositions (id, ingredient_id, ingredient_name_fr, ingredient_name_en, nutrient_id, avg_value, sd, min_value, max_value, unit, basis, source_id, use_in_db, notes) VALUES ('INGCOMP_ALFALFA_0016', 'alfalfa_hay', 'Foin de luzerne', 'Alfalfa hay', 'copper', 9, 2, 6, 12, 'mg/kg', 'dry_matter', 'SRC_FEEDIPEDIA_ALFALFA', 'ingredient_composition_not_requirement', '');
INSERT INTO do_not_integrate (nutrient_key, reason, status) VALUES ('sugar', 'Aucune valeur adulte chiffrée exploitable trouvée dans les sources retenues.', 'missing_numeric_value');
INSERT INTO do_not_integrate (nutrient_key, reason, status) VALUES ('moisture_requirement', 'Pas de besoin chiffré direct, sauf base FEDIAF à 12 % d''humidité et eau en ml/kg/jour.', 'missing_numeric_value');
INSERT INTO do_not_integrate (nutrient_key, reason, status) VALUES ('ash_requirement', 'Pas de besoin adulte chiffré direct.', 'missing_numeric_value');
INSERT INTO do_not_integrate (nutrient_key, reason, status) VALUES ('histidine_adult', 'FEDIAF indique n/d.', 'not_determined');
INSERT INTO do_not_integrate (nutrient_key, reason, status) VALUES ('isoleucine_adult', 'FEDIAF indique n/d.', 'not_determined');
INSERT INTO do_not_integrate (nutrient_key, reason, status) VALUES ('leucine_adult', 'FEDIAF indique n/d.', 'not_determined');
INSERT INTO do_not_integrate (nutrient_key, reason, status) VALUES ('phenylalanine_tyrosine_adult', 'FEDIAF indique n/d.', 'not_determined');
INSERT INTO do_not_integrate (nutrient_key, reason, status) VALUES ('tryptophan_adult', 'FEDIAF indique n/d.', 'not_determined');
INSERT INTO do_not_integrate (nutrient_key, reason, status) VALUES ('valine_adult', 'FEDIAF indique n/d.', 'not_determined');
INSERT INTO do_not_integrate (nutrient_key, reason, status) VALUES ('vitamin_c_adult', 'FEDIAF indique n/d pour adulte.', 'not_determined');
INSERT INTO do_not_integrate (nutrient_key, reason, status) VALUES ('b_group_adult', 'FEDIAF indique n/d.', 'not_determined');
INSERT INTO normalization_notes (id, note) VALUES ('NOTE_BASIS_CRITICAL', 'Always compare product values only when unit and basis are compatible. For example, % as_fed should not be compared blindly against % dry_matter or feed_12pct_moisture_total_diet.');
INSERT INTO normalization_notes (id, note) VALUES ('NOTE_FEDIAF_PRIMARY', 'For rabbit_adult_maintenance nutrient scoring, FEDIAF rows with priority=primary should be preferred over secondary clinical summaries when conflicts exist.');
INSERT INTO normalization_notes (id, note) VALUES ('NOTE_FEEDIPEDIA_NOT_REQUIREMENT', 'Feedipedia alfalfa values are ingredient composition records. They are not rabbit requirements.');
INSERT INTO normalization_notes (id, note) VALUES ('NOTE_REVIEW_STATUS', 'review_status=extracted_from_source means extracted and structured from documented sources. It is not a veterinary sign-off.');